CityNum,575
Traials,30
Iteration,500
n,20
Pa,0.2
7308,7266,7266,7255,7217,7192,7192,7192,7192,7192,7192,7182,7182,7182,7182,7182,7182,7182,7182,7182,7182,7182,7125,7125,7125,7125,7125,7125,7125,7125,7125,7117,7117,7117,7117,7117,7117,7111,7111,7111,7111,7111,7111,7111,7111,7111,7111,7111,7111,7111,7111,7111,7111,7111,7111,7111,7111,7111,7111,7111,7111,7111,7111,7111,7111,7111,7111,7111,7111,7111,7111,7111,7111,7111,7111,7111,7111,7111,7111,7111,7111,7094,7094,7094,7094,7094,7094,7094,7094,7094,7094,7094,7094,7094,7094,7094,7094,7094,7094,7094,7094,7094,7094,7094,7094,7094,7094,7094,7094,7094,7094,7094,7094,7094,7094,7094,7094,7094,7094,7094,7094,7094,7094,7094,7094,7094,7094,7094,7094,7094,7094,7094,7094,7094,7094,7094,7094,7094,7094,7094,7094,7094,7094,7094,7094,7094,7094,7094,7094,7094,7094,7094,7094,7094,7094,7094,7094,7094,7094,7094,7094,7094,7094,7094,7094,7094,7094,7094,7094,7094,7094,7094,7094,7094,7094,7094,7094,7094,7094,7094,7094,7094,7094,7094,7094,7094,7094,7094,7094,7094,7094,7094,7094,7094,7094,7094,7094,7094,7094,7094,7094,7094,7094,7094,7094,7094,7094,7094,7094,7094,7094,7094,7094,7094,7094,7094,7094,7094,7094,7092,7092,7092,7092,7092,7092,7092,7092,7092,7092,7092,7092,7092,7092,7092,7092,7092,7092,7092,7092,7092,7092,7092,7092,7092,7092,7092,7092,7092,7092,7092,7092,7092,7092,7092,7092,7092,7092,7092,7092,7092,7092,7092,7092,7092,7092,7092,7092,7092,7092,7092,7092,7092,7092,7080,7080,7080,7080,7080,7080,7080,7080,7080,7080,7080,7080,7080,7080,7080,7080,7080,7080,7080,7080,7080,7080,7080,7080,7080,7080,7080,7080,7080,7080,7080,7080,7080,7080,7080,7080,7080,7080,7080,7080,7080,7080,7080,7080,7080,7080,7080,7080,7080,7080,7080,7080,7080,7080,7080,7080,7080,7080,7080,7080,7080,7080,7080,7080,7080,7080,7080,7080,7080,7080,7080,7080,7080,7080,7080,7080,7080,7080,7080,7080,7080,7080,7080,7080,7080,7080,7080,7080,7080,7080,7080,7080,7080,7080,7080,7080,7080,7080,7080,7080,7080,7080,7080,7080,7080,7080,7080,7080,7080,7080,7080,7080,7080,7080,7080,7080,7080,7080,7080,7080,7080,7080,7080,7080,7080,7080,7080,7080,7080,7080,7080,7080,7080,7080,7080,7080,7080,7080,7080,7080,7080,7080,7080,7080,7080,7080,7080,7080,7080,7080,7080,7080,7080,7080,7080,7080,7080,7080,7080,7080,7080,7080,7080,7080,7080,7080,7080,7080,7080,7080,7080,7080,7080,7080,7080,7080,7080,7080,7080,7080,7080,7080,7080,7080,7080,7080,7080,7080,7080,7080,7080,7080,7080,7080,7080,7080,7080,7080,7080,7080,7080,7080,7080,7080,7080,7080,7080,7080,7080,7080,7080,7080,7080,7080,7080,7080,7080,7080,7080,7080,7080,7080,7080,7080,7080,7080,7080
7288,7229,7229,7228,7228,7213,7213,7213,7213,7213,7213,7213,7213,7213,7210,7207,7199,7179,7179,7179,7179,7179,7179,7179,7179,7175,7175,7175,7149,7149,7149,7149,7149,7149,7149,7149,7149,7149,7149,7149,7149,7149,7149,7149,7149,7149,7149,7149,7149,7149,7149,7149,7149,7149,7149,7149,7149,7149,7149,7149,7149,7149,7149,7149,7149,7149,7149,7149,7149,7149,7149,7149,7149,7149,7149,7149,7149,7149,7149,7149,7149,7149,7149,7149,7149,7149,7149,7149,7149,7149,7149,7149,7149,7149,7149,7149,7149,7149,7149,7149,7149,7149,7149,7149,7149,7149,7149,7149,7149,7149,7149,7149,7149,7149,7149,7149,7149,7149,7149,7149,7149,7149,7149,7149,7149,7149,7149,7149,7149,7149,7149,7149,7149,7149,7149,7149,7149,7149,7149,7149,7149,7149,7149,7149,7149,7149,7149,7149,7149,7149,7149,7149,7149,7149,7149,7149,7149,7149,7149,7143,7143,7143,7143,7143,7143,7143,7143,7143,7143,7143,7143,7143,7143,7143,7143,7143,7143,7143,7143,7143,7143,7143,7143,7143,7143,7143,7143,7143,7143,7143,7143,7143,7141,7118,7118,7118,7118,7118,7118,7118,7118,7118,7118,7118,7118,7118,7118,7118,7118,7118,7118,7118,7118,7118,7118,7118,7118,7118,7118,7118,7118,7118,7118,7118,7118,7118,7118,7118,7118,7118,7118,7118,7118,7118,7118,7118,7118,7118,7118,7118,7118,7118,7118,7118,7118,7118,7118,7118,7118,7118,7118,7118,7118,7118,7118,7118,7118,7118,7118,7118,7118,7118,7118,7118,7118,7118,7118,7118,7118,7118,7118,7118,7118,7118,7118,7118,7108,7108,7108,7108,7108,7108,7108,7108,7108,7108,7108,7108,7108,7108,7108,7108,7108,7108,7108,7108,7108,7108,7108,7108,7108,7108,7108,7108,7108,7108,7108,7108,7108,7108,7108,7095,7095,7095,7095,7095,7095,7095,7095,7095,7095,7095,7095,7095,7095,7095,7095,7095,7095,7095,7095,7095,7095,7095,7095,7095,7095,7095,7095,7095,7095,7095,7095,7095,7095,7095,7095,7095,7095,7095,7095,7095,7095,7095,7095,7095,7095,7095,7095,7095,7095,7095,7095,7095,7095,7095,7095,7095,7095,7095,7095,7095,7095,7095,7095,7095,7095,7095,7095,7095,7095,7095,7095,7095,7095,7095,7095,7095,7095,7095,7095,7095,7095,7095,7095,7095,7095,7095,7095,7095,7095,7095,7095,7095,7095,7095,7095,7095,7095,7095,7095,7095,7095,7095,7095,7095,7095,7095,7095,7095,7095,7095,7095,7095,7095,7095,7095,7095,7095,7095,7095,7095,7095,7095,7095,7095,7095,7095,7095,7095,7095,7095,7095,7095,7095,7095,7095,7095,7095,7095,7095,7095,7095,7095,7095,7095,7095,7095,7095,7095,7095,7095,7095,7095,7095,7095,7095,7095,7095,7095,7095,7095,7095,7095,7095,7095,7095,7095,7095,7095,7095,7095,7095,7095,7095,7095,7095,7095,7095,7095,7095,7095,7095,7095,7095,7095,7095,7095,7095,7095
7316,7267,7236,7236,7199,7199,7199,7199,7199,7199,7199,7199,7197,7197,7183,7183,7183,7183,7161,7161,7161,7161,7161,7161,7161,7161,7161,7161,7161,7161,7161,7161,7161,7160,7160,7160,7160,7160,7160,7160,7160,7160,7160,7160,7160,7160,7160,7160,7160,7160,7160,7160,7160,7160,7160,7160,7160,7160,7160,7160,7160,7160,7160,7160,7160,7160,7160,7160,7160,7160,7160,7160,7160,7160,7160,7153,7153,7153,7153,7153,7153,7153,7153,7153,7153,7153,7153,7153,7153,7153,7148,7148,7148,7148,7148,7148,7148,7148,7148,7148,7148,7148,7148,7148,7148,7148,7148,7148,7148,7148,7148,7148,7148,7148,7148,7148,7148,7148,7148,7148,7148,7148,7148,7148,7148,7148,7148,7148,7148,7148,7148,7148,7148,7144,7144,7144,7144,7144,7144,7144,7144,7144,7144,7144,7144,7144,7144,7144,7144,7144,7144,7144,7144,7144,7144,7144,7144,7144,7144,7144,7144,7144,7144,7144,7144,7144,7144,7144,7144,7144,7144,7144,7144,7144,7144,7144,7144,7144,7144,7144,7144,7144,7144,7144,7144,7144,7144,7144,7144,7119,7119,7119,7119,7119,7116,7116,7116,7116,7116,7116,7116,7116,7116,7116,7116,7116,7116,7116,7116,7116,7116,7116,7116,7116,7116,7116,7116,7116,7116,7116,7116,7116,7116,7116,7116,7116,7116,7116,7116,7113,7113,7113,7113,7113,7113,7113,7113,7113,7113,7113,7113,7113,7113,7113,7105,7105,7105,7105,7105,7105,7105,7105,7105,7105,7105,7105,7105,7105,7105,7105,7105,7105,7105,7105,7105,7105,7105,7105,7105,7105,7105,7105,7105,7105,7105,7105,7105,7105,7105,7105,7105,7105,7105,7105,7080,7080,7080,7080,7080,7080,7080,7080,7080,7080,7080,7080,7080,7080,7080,7080,7080,7080,7080,7080,7080,7080,7080,7080,7080,7080,7080,7080,7080,7080,7080,7080,7080,7080,7080,7080,7080,7080,7080,7080,7080,7080,7080,7080,7080,7080,7080,7080,7080,7080,7080,7080,7080,7080,7080,7080,7080,7080,7080,7080,7080,7078,7078,7078,7078,7078,7078,7078,7078,7078,7078,7078,7078,7078,7078,7078,7078,7078,7078,7078,7078,7078,7078,7078,7078,7078,7078,7078,7078,7078,7078,7078,7078,7078,7078,7078,7078,7078,7078,7078,7078,7078,7078,7078,7078,7078,7078,7078,7078,7078,7078,7078,7078,7078,7078,7078,7078,7078,7078,7078,7078,7078,7078,7078,7078,7078,7078,7078,7078,7078,7078,7078,7078,7078,7078,7078,7078,7078,7078,7078,7078,7078,7078,7078,7078,7078,7078,7078,7078,7078,7078,7078,7078,7078,7067,7067,7067,7067,7067,7067,7067,7067,7067,7067,7067,7067,7067,7067,7067,7067,7067,7067,7067,7067,7067,7067,7067,7067,7067,7067,7067,7067,7067,7067,7067,7067,7067,7067,7067,7067,7067,7067,7067,7067,7067,7067,7067,7067,7067,7067,7067,7067,7067,7067,7067,7067,7067,7067,7067,7067,7067,7067,7067,7067,7067,7067
7307,7298,7224,7224,7208,7208,7208,7208,7208,7208,7208,7207,7207,7207,7207,7207,7188,7188,7163,7163,7163,7163,7163,7163,7149,7149,7149,7149,7146,7146,7146,7146,7146,7146,7146,7146,7146,7146,7146,7146,7146,7146,7146,7146,7146,7146,7146,7146,7146,7146,7146,7146,7146,7146,7146,7146,7146,7114,7114,7114,7114,7114,7114,7114,7114,7114,7114,7114,7114,7114,7114,7114,7114,7114,7114,7114,7114,7114,7114,7114,7114,7114,7114,7114,7114,7114,7114,7114,7114,7114,7114,7114,7114,7114,7114,7114,7114,7114,7114,7114,7114,7114,7114,7114,7109,7109,7109,7109,7109,7109,7109,7109,7109,7109,7109,7109,7109,7109,7109,7109,7109,7109,7109,7109,7109,7109,7109,7109,7109,7109,7109,7109,7109,7109,7109,7109,7109,7109,7109,7109,7109,7109,7109,7109,7109,7109,7109,7109,7109,7109,7109,7109,7109,7109,7109,7109,7109,7109,7109,7109,7109,7109,7109,7109,7109,7109,7109,7109,7109,7109,7109,7109,7109,7109,7097,7097,7097,7097,7097,7097,7097,7097,7097,7097,7097,7097,7097,7097,7097,7097,7097,7097,7097,7097,7097,7097,7097,7097,7097,7097,7097,7097,7097,7097,7097,7097,7097,7097,7097,7097,7097,7097,7097,7097,7097,7097,7097,7097,7097,7097,7097,7097,7097,7097,7097,7097,7097,7097,7097,7097,7097,7097,7097,7097,7097,7097,7097,7097,7097,7097,7097,7097,7097,7097,7097,7097,7097,7097,7097,7097,7097,7097,7097,7097,7097,7097,7097,7097,7097,7097,7097,7097,7097,7097,7097,7097,7097,7097,7097,7097,7097,7097,7097,7097,7097,7097,7097,7097,7097,7097,7097,7097,7097,7097,7097,7097,7097,7097,7097,7097,7097,7097,7097,7097,7097,7097,7097,7097,7097,7097,7097,7097,7097,7097,7097,7097,7097,7097,7097,7097,7097,7097,7097,7097,7097,7097,7097,7097,7097,7097,7097,7097,7097,7097,7097,7097,7097,7097,7097,7097,7097,7097,7097,7097,7097,7097,7097,7097,7097,7097,7097,7097,7097,7097,7097,7097,7097,7097,7097,7097,7097,7097,7097,7097,7097,7097,7097,7097,7097,7097,7097,7097,7097,7097,7097,7097,7097,7097,7097,7097,7097,7097,7097,7097,7097,7097,7097,7097,7097,7097,7097,7097,7097,7097,7097,7097,7097,7097,7097,7097,7097,7097,7097,7097,7097,7097,7097,7097,7097,7097,7097,7097,7097,7097,7097,7097,7097,7097,7097,7097,7097,7097,7097,7097,7097,7097,7097,7097,7097,7097,7097,7097,7097,7097,7097,7097,7097,7097,7097,7097,7097,7097,7097,7097,7097,7097,7097,7097,7097,7097,7085,7085,7085,7085,7085,7085,7085,7085,7085,7085,7085,7085,7085,7085,7085,7085,7085,7085,7085,7085,7085,7085,7085,7085,7085,7085,7085,7085,7085,7085,7085,7085,7085,7085,7085,7085,7085,7085,7085,7085,7085,7085,7085,7085,7085,7085,7085,7085,7085,7085,7085,7080,7080,7080,7080,7080,7080,7080,7080,7080
7264,7215,7215,7215,7215,7208,7208,7208,7208,7208,7208,7208,7208,7208,7208,7200,7200,7200,7200,7198,7198,7198,7198,7143,7143,7143,7143,7143,7143,7143,7143,7143,7143,7143,7143,7143,7143,7135,7135,7135,7135,7135,7135,7135,7135,7135,7135,7135,7135,7135,7135,7135,7135,7135,7135,7135,7135,7135,7135,7135,7135,7135,7135,7135,7135,7135,7135,7135,7135,7135,7135,7135,7135,7135,7135,7135,7135,7135,7135,7135,7135,7135,7135,7135,7135,7135,7135,7135,7135,7135,7135,7135,7135,7135,7135,7135,7135,7135,7135,7135,7135,7135,7135,7135,7135,7135,7135,7135,7135,7135,7135,7135,7135,7135,7135,7135,7135,7135,7135,7135,7135,7134,7134,7134,7134,7134,7134,7100,7100,7100,7100,7100,7100,7100,7100,7100,7100,7100,7100,7100,7100,7100,7100,7100,7100,7100,7100,7100,7100,7100,7100,7100,7100,7100,7100,7100,7100,7100,7100,7100,7100,7100,7100,7100,7100,7100,7100,7100,7100,7100,7100,7100,7100,7100,7100,7100,7100,7100,7100,7100,7100,7100,7100,7100,7100,7100,7100,7100,7100,7100,7100,7100,7100,7100,7100,7100,7100,7100,7100,7100,7100,7100,7060,7060,7060,7060,7060,7060,7060,7060,7060,7060,7060,7060,7060,7060,7060,7060,7060,7060,7060,7060,7060,7060,7060,7060,7060,7060,7060,7060,7060,7060,7060,7060,7060,7060,7060,7060,7060,7060,7060,7060,7060,7060,7060,7060,7060,7060,7060,7060,7060,7060,7060,7060,7060,7060,7060,7060,7060,7060,7060,7060,7060,7060,7060,7060,7060,7060,7060,7060,7060,7060,7060,7060,7060,7060,7060,7060,7060,7060,7060,7060,7060,7060,7060,7060,7060,7060,7060,7060,7060,7060,7060,7060,7060,7060,7060,7060,7060,7060,7060,7060,7060,7060,7060,7060,7060,7060,7060,7060,7060,7060,7060,7060,7060,7060,7060,7060,7060,7060,7060,7060,7060,7060,7060,7060,7060,7060,7060,7060,7060,7060,7060,7060,7060,7060,7060,7060,7060,7060,7060,7060,7060,7060,7060,7060,7060,7060,7060,7060,7060,7060,7060,7060,7060,7060,7060,7060,7060,7060,7060,7060,7060,7060,7060,7060,7060,7060,7060,7060,7060,7060,7060,7060,7060,7060,7060,7060,7060,7056,7056,7056,7056,7056,7056,7056,7056,7056,7056,7056,7056,7056,7056,7056,7056,7056,7056,7056,7056,7056,7056,7056,7056,7056,7056,7056,7056,7056,7056,7056,7056,7056,7056,7056,7056,7056,7056,7056,7056,7056,7056,7056,7056,7056,7056,7056,7056,7056,7056,7056,7056,7056,7056,7056,7056,7056,7056,7056,7056,7056,7056,7056,7056,7056,7056,7056,7056,7056,7056,7056,7056,7056,7056,7056,7056,7056,7056,7056,7056,7056,7056,7056,7056,7056,7056,7056,7056,7056,7056,7056,7056,7056,7056,7056,7056,7056,7056,7056,7056,7056,7056,7056,7056,7056,7056,7056,7056,7056,7056,7056,7056,7056,7056,7056,7056,7056,7056,7056,7056,7056
7314,7281,7239,7239,7237,7232,7220,7220,7220,7220,7220,7220,7213,7213,7179,7167,7167,7115,7115,7115,7115,7115,7115,7115,7115,7115,7115,7114,7114,7114,7114,7114,7114,7114,7114,7114,7114,7114,7114,7114,7114,7114,7114,7114,7114,7114,7114,7111,7111,7111,7111,7111,7111,7111,7111,7067,7067,7067,7067,7067,7067,7067,7067,7067,7067,7067,7067,7067,7067,7067,7067,7067,7067,7067,7067,7067,7067,7067,7067,7067,7067,7067,7067,7067,7067,7067,7067,7067,7067,7067,7067,7067,7067,7067,7067,7067,7067,7067,7067,7067,7067,7067,7067,7067,7067,7067,7067,7067,7067,7067,7067,7067,7067,7067,7067,7067,7067,7067,7067,7067,7067,7067,7067,7067,7067,7067,7067,7067,7067,7067,7065,7065,7065,7065,7065,7065,7065,7065,7065,7065,7065,7065,7065,7065,7065,7065,7065,7065,7065,7065,7065,7065,7065,7065,7065,7065,7065,7065,7065,7065,7065,7065,7065,7065,7065,7065,7065,7065,7065,7065,7065,7065,7065,7065,7065,7065,7065,7065,7065,7065,7065,7065,7065,7065,7065,7065,7065,7065,7065,7065,7065,7065,7065,7065,7065,7065,7065,7065,7065,7065,7065,7065,7065,7065,7065,7065,7065,7065,7065,7065,7065,7065,7065,7065,7065,7065,7065,7065,7065,7065,7065,7065,7065,7065,7065,7065,7065,7065,7065,7065,7065,7065,7065,7065,7065,7065,7065,7065,7065,7065,7065,7065,7065,7065,7065,7065,7065,7065,7065,7065,7065,7065,7065,7065,7065,7065,7065,7065,7065,7065,7065,7065,7065,7065,7065,7065,7065,7065,7065,7065,7065,7065,7065,7065,7065,7065,7065,7065,7052,7052,7052,7052,7052,7052,7052,7052,7052,7052,7052,7052,7052,7052,7052,7052,7052,7052,7052,7052,7052,7052,7052,7052,7052,7052,7052,7052,7052,7052,7052,7052,7052,7052,7052,7052,7052,7052,7052,7052,7052,7052,7052,7052,7052,7052,7052,7052,7052,7052,7052,7052,7052,7052,7052,7052,7052,7052,7052,7052,7052,7052,7052,7052,7052,7052,7052,7052,7052,7052,7052,7052,7052,7052,7052,7052,7052,7052,7052,7052,7052,7052,7052,7052,7052,7052,7052,7052,7052,7052,7052,7052,7052,7052,7052,7052,7052,7052,7052,7052,7052,7052,7052,7052,7052,7052,7052,7052,7052,7052,7052,7052,7052,7052,7052,7052,7052,7052,7052,7052,7052,7052,7052,7052,7052,7052,7052,7052,7052,7052,7052,7052,7052,7052,7052,7052,7052,7052,7052,7052,7052,7052,7052,7052,7052,7052,7052,7052,7052,7052,7052,7052,7052,7052,7052,7052,7052,7052,7052,7052,7052,7052,7052,7052,7052,7052,7052,7052,7052,7052,7052,7052,7052,7052,7052,7052,7052,7052,7052,7052,7052,7052,7052,7052,7052,7052,7052,7052,7052,7052,7052,7052,7052,7052,7052,7052,7052,7052,7052,7052,7052,7052,7052,7052,7052,7052,7052,7052,7052,7052,7052,7052,7052,7052,7052,7052,7052,7052,7052,7052,7052,7052
7331,7291,7248,7230,7160,7160,7160,7160,7160,7160,7154,7154,7154,7154,7154,7154,7154,7154,7152,7152,7152,7152,7152,7152,7152,7152,7152,7152,7152,7152,7152,7152,7152,7152,7152,7152,7152,7152,7152,7152,7152,7152,7152,7152,7152,7152,7152,7152,7152,7152,7152,7152,7152,7152,7152,7152,7152,7152,7152,7152,7152,7152,7152,7152,7152,7152,7152,7152,7152,7152,7152,7152,7152,7152,7152,7152,7152,7152,7152,7152,7152,7152,7152,7152,7152,7152,7152,7152,7152,7152,7152,7152,7152,7152,7152,7152,7152,7152,7152,7152,7152,7152,7152,7152,7152,7152,7152,7152,7152,7152,7152,7152,7152,7152,7152,7152,7152,7152,7152,7152,7152,7152,7152,7152,7152,7152,7152,7152,7152,7152,7152,7152,7152,7152,7152,7152,7152,7152,7152,7152,7152,7152,7152,7152,7152,7152,7152,7152,7152,7152,7152,7140,7140,7140,7140,7140,7140,7140,7140,7140,7140,7140,7140,7140,7140,7140,7140,7140,7140,7140,7140,7140,7140,7140,7140,7140,7140,7133,7133,7133,7133,7133,7133,7133,7133,7133,7133,7133,7133,7133,7133,7133,7133,7133,7133,7133,7133,7133,7133,7133,7133,7133,7133,7133,7133,7133,7133,7133,7133,7133,7133,7133,7133,7128,7098,7098,7098,7098,7098,7098,7098,7098,7098,7098,7098,7098,7098,7098,7098,7098,7098,7098,7098,7098,7098,7098,7098,7098,7098,7098,7098,7098,7098,7098,7075,7075,7075,7075,7075,7075,7075,7075,7075,7075,7075,7075,7075,7075,7075,7075,7075,7075,7075,7075,7075,7075,7075,7075,7075,7075,7075,7075,7075,7075,7075,7075,7075,7075,7006,7006,7006,7006,7006,7006,7006,7006,7006,7006,7006,7006,7006,7006,7006,7006,7006,7006,7006,7006,7006,7006,7006,7006,7006,7006,7006,7006,7006,7006,7006,7006,7006,7006,7006,7006,7006,7006,7006,7006,7006,7006,7006,7006,7006,7006,7006,7006,7006,7006,7006,7006,7006,7006,7006,7006,7006,7006,7006,7006,7006,7006,7006,7006,7006,7006,7006,7006,7006,7006,7006,7006,7006,7006,7006,7006,7006,7006,7006,7006,7006,7006,7006,7006,7006,7006,7006,7006,7006,7006,7006,7006,7006,7006,7006,7006,7006,7006,7006,7006,7006,7006,7006,7006,7006,7006,7006,7006,7006,7006,7006,7006,7006,7006,7006,7006,7006,7006,7006,7006,7006,7006,7006,7006,7006,7006,7006,7006,7006,7006,7006,7006,7006,7006,7006,7006,7006,7006,7006,7006,7006,7006,7006,7006,7006,7006,7006,7006,7006,7006,7006,7006,7006,7006,7006,7006,7006,7006,7006,7006,7006,7006,7006,7006,7006,7006,7006,7006,7006,7006,7006,7006,7006,7006,7006,7006,7006,7006,7006,7006,7006,7006,7006,7006,7006,7006,7006,7006,7006,7006,7006,7006,7006,7006,7006,7006,7006,7006,7006,7006,7006,7006,7006,7006,7006,7006,7006,7006,7006,7006,7006,7006,7006,7006,7006,7006,7006,7006,7006,7006,7006,7006
7338,7286,7244,7195,7195,7133,7133,7133,7133,7133,7133,7133,7133,7133,7133,7133,7133,7133,7133,7133,7133,7133,7133,7133,7133,7133,7133,7133,7133,7133,7133,7133,7133,7133,7133,7133,7133,7130,7130,7130,7130,7130,7130,7130,7130,7130,7130,7130,7130,7130,7130,7130,7108,7108,7108,7108,7108,7108,7108,7108,7108,7108,7108,7108,7108,7108,7108,7108,7108,7108,7108,7108,7108,7108,7108,7108,7108,7108,7108,7108,7108,7108,7108,7108,7108,7108,7108,7108,7108,7108,7108,7108,7108,7108,7108,7108,7108,7108,7108,7108,7108,7108,7108,7108,7108,7108,7108,7108,7108,7108,7108,7108,7108,7108,7108,7108,7108,7108,7108,7108,7108,7108,7108,7108,7108,7108,7108,7108,7108,7108,7108,7108,7108,7108,7108,7108,7108,7108,7108,7108,7108,7108,7108,7108,7108,7108,7108,7108,7108,7108,7108,7108,7108,7108,7108,7108,7108,7108,7108,7108,7108,7108,7108,7108,7108,7108,7108,7108,7108,7108,7108,7108,7108,7106,7106,7106,7106,7106,7106,7106,7106,7106,7106,7106,7106,7106,7106,7106,7106,7106,7106,7106,7103,7103,7103,7103,7103,7103,7103,7103,7103,7103,7103,7103,7103,7103,7103,7103,7103,7103,7103,7103,7103,7103,7103,7103,7103,7103,7103,7103,7103,7103,7103,7103,7103,7103,7103,7103,7103,7103,7103,7103,7103,7103,7103,7102,7102,7102,7102,7102,7102,7102,7102,7102,7102,7102,7102,7102,7102,7102,7102,7102,7102,7102,7102,7102,7102,7102,7102,7102,7102,7102,7102,7102,7102,7102,7102,7102,7102,7102,7102,7102,7102,7102,7102,7102,7102,7102,7102,7102,7102,7102,7102,7102,7102,7102,7102,7102,7102,7102,7102,7102,7102,7102,7102,7102,7102,7102,7102,7102,7102,7102,7102,7102,7102,7102,7102,7102,7102,7102,7102,7102,7102,7102,7102,7102,7102,7102,7102,7102,7102,7102,7102,7102,7102,7102,7102,7102,7102,7102,7076,7076,7076,7076,7076,7076,7076,7076,7076,7076,7076,7076,7076,7076,7076,7076,7076,7076,7076,7076,7076,7076,7076,7076,7076,7076,7076,7076,7076,7076,7076,7076,7076,7076,7076,7076,7076,7076,7076,7076,7076,7076,7076,7076,7076,7076,7076,7076,7076,7076,7076,7076,7076,7076,7076,7076,7076,7076,7076,7076,7076,7076,7076,7076,7076,7076,7076,7076,7076,7076,7076,7076,7076,7076,7076,7076,7070,7070,7070,7070,7070,7070,7070,7070,7070,7070,7070,7070,7070,7070,7070,7070,7070,7070,7070,7070,7070,7070,7070,7070,7070,7070,7070,7070,7070,7070,7070,7070,7070,7070,7070,7070,7070,7070,7070,7070,7070,7070,7070,7070,7070,7070,7070,7070,7070,7070,7070,7070,7070,7070,7070,7070,7070,7070,7070,7070,7070,7070,7070,7070,7070,7070,7070,7070,7070,7070,7070,7070,7070,7070,7070,7070,7070,7070,7070,7070,7070,7070,7070,7070,7070,7070,7070,7070,7070,7070,7070,7070,7070,7070
7328,7287,7253,7242,7198,7198,7198,7198,7198,7141,7141,7141,7128,7128,7128,7127,7127,7127,7127,7127,7127,7127,7127,7127,7127,7127,7127,7127,7113,7113,7113,7113,7113,7113,7113,7113,7113,7113,7113,7113,7113,7113,7113,7113,7113,7113,7113,7113,7113,7113,7113,7113,7113,7113,7113,7113,7113,7113,7113,7113,7113,7113,7113,7113,7113,7113,7113,7113,7113,7113,7113,7113,7113,7113,7113,7113,7113,7113,7113,7113,7113,7113,7113,7113,7113,7113,7113,7113,7113,7113,7113,7113,7113,7113,7113,7113,7113,7113,7113,7113,7113,7113,7113,7113,7113,7113,7113,7113,7113,7113,7113,7113,7113,7113,7113,7113,7113,7113,7113,7113,7113,7113,7113,7113,7113,7113,7113,7113,7113,7113,7113,7113,7113,7113,7113,7113,7113,7113,7113,7113,7113,7113,7113,7113,7113,7113,7113,7113,7113,7113,7113,7113,7113,7113,7113,7113,7113,7113,7113,7113,7113,7113,7113,7113,7113,7113,7113,7113,7113,7113,7113,7113,7113,7110,7110,7110,7110,7110,7110,7110,7110,7110,7110,7110,7110,7110,7110,7110,7097,7097,7097,7097,7097,7097,7097,7097,7097,7097,7097,7097,7097,7097,7097,7097,7097,7097,7097,7097,7097,7097,7097,7097,7097,7097,7097,7097,7097,7097,7097,7097,7097,7097,7097,7097,7097,7097,7097,7097,7097,7097,7097,7097,7097,7097,7097,7097,7097,7097,7097,7097,7097,7097,7097,7097,7097,7097,7097,7097,7097,7097,7097,7097,7097,7097,7097,7097,7097,7097,7097,7097,7097,7097,7097,7097,7097,7097,7097,7097,7097,7097,7097,7097,7097,7097,7097,7097,7097,7097,7097,7097,7097,7097,7097,7097,7097,7097,7097,7097,7097,7097,7097,7097,7097,7097,7097,7097,7097,7097,7097,7097,7097,7097,7097,7097,7097,7097,7097,7097,7097,7097,7097,7097,7097,7097,7097,7097,7097,7097,7097,7097,7097,7097,7097,7097,7097,7097,7097,7097,7097,7097,7097,7097,7097,7097,7097,7097,7097,7097,7097,7097,7097,7097,7097,7097,7097,7097,7097,7097,7097,7097,7097,7097,7097,7095,7095,7095,7095,7095,7095,7095,7095,7095,7095,7095,7095,7095,7095,7095,7095,7095,7095,7095,7095,7095,7095,7095,7095,7095,7095,7095,7095,7095,7095,7095,7095,7095,7095,7095,7095,7095,7095,7095,7095,7095,7095,7095,7095,7095,7095,7095,7095,7095,7095,7095,7095,7095,7095,7095,7095,7095,7095,7095,7095,7095,7095,7095,7095,7095,7095,7095,7095,7095,7095,7095,7095,7095,7095,7095,7095,7095,7095,7095,7095,7095,7095,7095,7095,7095,7095,7095,7095,7095,7095,7095,7095,7095,7095,7095,7095,7095,7095,7095,7095,7095,7095,7095,7095,7095,7095,7095,7095,7095,7095,7095,7095,7095,7095,7095,7095,7095,7095,7095,7095,7095,7095,7095,7095,7095,7095,7095,7095,7095,7095,7095,7095,7095,7095,7095,7095,7095,7095,7095,7095,7095,7095,7095,7095,7095,7095,7095
7276,7195,7195,7195,7195,7195,7189,7189,7189,7189,7189,7189,7189,7189,7189,7189,7189,7189,7168,7168,7168,7168,7168,7168,7168,7168,7168,7168,7168,7168,7168,7164,7164,7164,7160,7160,7149,7149,7149,7149,7149,7149,7149,7149,7149,7149,7149,7149,7149,7149,7149,7149,7149,7149,7149,7149,7149,7149,7149,7149,7149,7149,7149,7149,7149,7149,7149,7149,7149,7149,7149,7149,7149,7149,7149,7149,7149,7149,7149,7149,7149,7149,7149,7149,7149,7149,7149,7149,7149,7149,7149,7149,7149,7149,7149,7149,7149,7149,7149,7149,7149,7149,7149,7149,7149,7149,7149,7149,7149,7149,7149,7149,7149,7149,7136,7136,7136,7136,7136,7136,7136,7136,7136,7136,7136,7136,7136,7136,7136,7136,7136,7136,7136,7136,7129,7129,7129,7129,7129,7119,7119,7119,7081,7081,7081,7081,7081,7081,7081,7081,7081,7081,7081,7081,7081,7081,7081,7081,7081,7081,7081,7081,7081,7081,7081,7081,7081,7081,7081,7081,7081,7081,7081,7081,7081,7081,7081,7081,7081,7081,7081,7081,7081,7081,7081,7081,7081,7081,7081,7081,7081,7081,7081,7081,7081,7081,7081,7081,7081,7081,7081,7081,7081,7081,7081,7081,7081,7081,7081,7081,7081,7081,7081,7081,7081,7081,7081,7081,7081,7081,7081,7081,7081,7081,7081,7081,7081,7081,7081,7081,7081,7081,7081,7081,7081,7081,7081,7081,7081,7081,7081,7081,7081,7081,7081,7081,7081,7081,7081,7081,7081,7081,7081,7081,7081,7081,7081,7081,7081,7081,7081,7081,7081,7081,7081,7081,7081,7081,7081,7081,7081,7081,7081,7081,7081,7081,7081,7081,7081,7081,7081,7081,7081,7081,7081,7081,7081,7081,7081,7081,7081,7081,7081,7081,7081,7081,7081,7081,7081,7081,7081,7081,7081,7081,7081,7081,7081,7081,7081,7081,7081,7081,7081,7081,7081,7081,7081,7081,7081,7081,7081,7081,7081,7081,7081,7081,7081,7081,7081,7081,7081,7081,7081,7081,7081,7081,7081,7081,7081,7081,7081,7081,7081,7081,7081,7081,7081,7081,7081,7081,7054,7054,7054,7054,7054,7054,7054,7054,7054,7054,7054,7054,7054,7054,7054,7054,7054,7054,7054,7054,7054,7054,7054,7054,7054,7054,7054,7054,7054,7054,7054,7054,7054,7054,7054,7054,7054,7054,7054,7054,7054,7054,7054,7054,7054,7054,7054,7054,7054,7054,7054,7054,7054,7054,7054,7054,7054,7054,7054,7054,7054,7054,7054,7054,7054,7054,7054,7054,7054,7054,7054,7054,7054,7054,7054,7054,7054,7054,7054,7054,7054,7054,7054,7054,7054,7054,7054,7054,7054,7054,7054,7054,7054,7054,7054,7054,7054,7054,7054,7054,7054,7054,7054,7054,7054,7054,7054,7054,7054,7054,7054,7054,7054,7054,7054,7054,7054,7054,7054,7054,7054,7054,7054,7054,7054,7054,7054,7054,7054,7054,7054,7054,7054,7054,7054,7054,7054,7054,7054,7054,7054,7054,7054,7054,7054,7054,7054,7054,7054,7054
7305,7256,7242,7200,7200,7200,7200,7200,7200,7200,7200,7200,7196,7196,7196,7196,7196,7196,7196,7196,7196,7195,7194,7194,7194,7194,7194,7194,7194,7194,7194,7194,7194,7194,7194,7194,7194,7194,7143,7138,7138,7138,7138,7109,7109,7109,7109,7109,7109,7109,7109,7109,7109,7109,7109,7109,7109,7109,7109,7109,7109,7109,7109,7109,7109,7109,7109,7109,7109,7109,7109,7109,7109,7109,7109,7109,7109,7109,7109,7109,7109,7109,7109,7109,7109,7109,7109,7109,7109,7109,7109,7109,7109,7109,7109,7109,7109,7109,7109,7109,7109,7109,7109,7109,7109,7109,7104,7104,7104,7104,7104,7104,7104,7104,7104,7104,7104,7104,7104,7104,7104,7104,7104,7104,7104,7104,7104,7104,7104,7104,7104,7104,7104,7104,7104,7104,7104,7104,7104,7104,7104,7104,7104,7104,7104,7104,7104,7104,7104,7104,7104,7104,7104,7104,7104,7104,7104,7104,7104,7104,7104,7104,7104,7104,7104,7104,7104,7104,7104,7104,7104,7104,7104,7104,7104,7104,7104,7104,7104,7104,7104,7104,7104,7104,7104,7104,7104,7104,7104,7104,7104,7104,7104,7104,7104,7104,7104,7104,7104,7104,7104,7104,7104,7096,7096,7096,7096,7096,7096,7096,7096,7096,7096,7096,7096,7096,7096,7096,7096,7096,7096,7096,7096,7096,7096,7096,7096,7096,7096,7096,7096,7096,7096,7096,7096,7096,7096,7096,7096,7096,7096,7096,7096,7096,7096,7096,7096,7096,7096,7096,7096,7096,7096,7096,7096,7096,7096,7096,7096,7096,7096,7096,7096,7096,7096,7096,7096,7096,7096,7096,7096,7096,7096,7096,7096,7096,7096,7096,7096,7096,7096,7096,7096,7096,7096,7096,7096,7096,7096,7096,7096,7096,7096,7096,7096,7096,7096,7096,7096,7096,7096,7096,7096,7096,7096,7096,7096,7096,7096,7096,7096,7096,7096,7096,7096,7096,7096,7096,7096,7096,7096,7096,7096,7096,7096,7096,7096,7096,7096,7096,7096,7093,7093,7093,7093,7093,7093,7093,7093,7093,7093,7093,7093,7093,7093,7078,7078,7078,7078,7078,7078,7078,7078,7078,7078,7078,7078,7078,7078,7078,7070,7070,7070,7070,7070,7070,7070,7070,7070,7070,7070,7070,7070,7070,7070,7070,7070,7070,7070,7070,7070,7070,7070,7070,7070,7070,7070,7070,7070,7070,7070,7070,7070,7070,7070,7070,7070,7070,7070,7070,7070,7070,7070,7070,7070,7070,7070,7070,7070,7070,7070,7070,7070,7070,7070,7070,7070,7070,7070,7070,7070,7070,7070,7070,7070,7070,7070,7070,7070,7070,7070,7066,7066,7066,7066,7066,7066,7066,7066,7066,7066,7066,7066,7066,7066,7066,7066,7066,7066,7066,7066,7066,7066,7066,7066,7066,7066,7066,7066,7066,7066,7066,7066,7066,7066,7066,7066,7066,7066,7066,7066,7066,7066,7066,7066,7066,7066,7066,7066,7066,7066,7066,7066,7066,7066,7066,7066,7066,7066,7066,7066,7066,7066,7066,7066,7066,7066,7066,7066,7066
7305,7241,7234,7221,7221,7221,7160,7160,7160,7160,7160,7160,7160,7160,7160,7160,7146,7146,7146,7146,7146,7146,7146,7146,7146,7146,7146,7146,7146,7143,7143,7143,7143,7099,7099,7099,7099,7099,7099,7099,7099,7099,7099,7099,7099,7099,7099,7099,7099,7099,7099,7099,7099,7099,7099,7099,7099,7099,7099,7099,7099,7099,7099,7099,7099,7099,7099,7099,7099,7099,7099,7099,7099,7099,7099,7099,7099,7099,7099,7099,7099,7099,7099,7099,7099,7099,7099,7099,7099,7099,7099,7099,7099,7099,7099,7099,7099,7091,7091,7091,7091,7091,7091,7091,7091,7091,7091,7091,7091,7091,7091,7091,7091,7091,7091,7091,7091,7091,7091,7091,7091,7079,7079,7079,7079,7079,7079,7079,7079,7079,7079,7079,7079,7079,7079,7079,7079,7079,7079,7079,7079,7079,7079,7079,7079,7079,7079,7079,7079,7079,7079,7079,7079,7079,7079,7079,7079,7079,7079,7079,7079,7079,7079,7079,7079,7079,7079,7079,7079,7079,7079,7079,7079,7079,7079,7079,7079,7079,7079,7079,7079,7079,7079,7079,7079,7079,7079,7079,7079,7079,7079,7079,7079,7079,7079,7079,7079,7079,7079,7079,7079,7079,7079,7079,7079,7079,7079,7079,7079,7079,7079,7079,7079,7079,7079,7079,7079,7079,7079,7079,7079,7079,7079,7079,7079,7079,7079,7079,7079,7079,7079,7079,7079,7079,7079,7079,7079,7079,7079,7079,7079,7079,7079,7079,7079,7079,7079,7079,7079,7079,7079,7079,7079,7079,7079,7079,7079,7079,7079,7079,7079,7079,7079,7079,7079,7079,7079,7079,7079,7079,7079,7079,7079,7079,7079,7079,7079,7079,7079,7079,7079,7079,7079,7079,7079,7079,7079,7079,7079,7079,7079,7079,7079,7079,7079,7079,7079,7079,7079,7079,7079,7079,7079,7079,7079,7079,7079,7079,7079,7079,7066,7066,7066,7066,7066,7066,7066,7066,7066,7066,7066,7066,7066,7066,7066,7066,7066,7066,7066,7066,7066,7066,7066,7066,7066,7066,7066,7066,7066,7066,7066,7066,7066,7066,7066,7066,7066,7066,7066,7066,7066,7066,7066,7066,7066,7066,7066,7066,7066,7066,7066,7066,7066,7066,7066,7066,7066,7066,7066,7066,7066,7066,7066,7066,7066,7066,7066,7066,7066,7066,7066,7066,7066,7066,7066,7066,7066,7066,7066,7066,7066,7066,7066,7066,7066,7066,7066,7066,7066,7066,7066,7066,7066,7066,7066,7066,7066,7066,7066,7066,7066,7066,7066,7066,7066,7066,7066,7066,7066,7066,7066,7066,7066,7066,7066,7066,7066,7066,7066,7066,7066,7066,7066,7066,7066,7066,7066,7066,7066,7066,7066,7066,7066,7066,7066,7066,7066,7047,7047,7047,7047,7047,7047,7047,7047,7047,7047,7047,7047,7047,7047,7047,7047,7047,7047,7047,7047,7047,7047,7047,7047,7047,7047,7047,7047,7047,7047,7047,7047,7047,7047,7047,7047,7047,7047,7047,7047,7047,7047,7047,7047,7047,7047,7047,7047,7047,7047,7047,7047,7047
7257,7237,7207,7207,7205,7205,7196,7196,7174,7174,7174,7174,7173,7173,7077,7077,7077,7077,7077,7077,7077,7077,7077,7077,7077,7077,7077,7077,7077,7077,7077,7077,7077,7077,7077,7077,7077,7077,7077,7077,7077,7077,7077,7077,7077,7077,7077,7077,7077,7077,7077,7077,7077,7077,7077,7077,7077,7077,7077,7077,7077,7077,7077,7077,7077,7077,7077,7077,7077,7077,7077,7077,7077,7077,7077,7077,7077,7077,7077,7077,7077,7077,7077,7077,7077,7077,7077,7077,7077,7077,7077,7077,7077,7077,7077,7077,7077,7077,7077,7077,7077,7077,7077,7077,7077,7077,7077,7077,7077,7077,7077,7077,7077,7077,7077,7077,7077,7077,7077,7077,7077,7077,7077,7077,7077,7077,7077,7077,7077,7077,7077,7077,7077,7077,7077,7077,7077,7077,7077,7077,7077,7077,7077,7077,7077,7077,7077,7077,7077,7077,7077,7077,7077,7077,7077,7077,7077,7077,7077,7077,7077,7077,7077,7077,7077,7077,7077,7077,7077,7077,7077,7077,7077,7077,7077,7077,7077,7077,7077,7077,7077,7077,7077,7077,7077,7077,7077,7077,7077,7077,7077,7077,7077,7077,7077,7077,7077,7077,7077,7077,7077,7077,7077,7077,7077,7077,7077,7077,7077,7077,7077,7077,7077,7077,7077,7077,7077,7077,7077,7077,7077,7077,7077,7077,7077,7077,7077,7077,7077,7077,7077,7077,7077,7077,7077,7077,7077,7048,7048,7048,7048,7048,7048,7048,7048,7048,7048,7048,7048,7048,7048,7048,7048,7048,7048,7048,7048,7048,7048,7048,7048,7048,7048,7048,7048,7048,7048,7048,7048,7048,7048,7048,7048,7048,7048,7048,7048,7048,7048,7048,7048,7048,7048,7048,7048,7048,7048,7048,7048,7048,7048,7048,7048,7048,7048,7048,7048,7048,7048,7048,7048,7048,7048,7048,7048,7048,7048,7048,7048,7048,7048,7048,7048,7048,7048,7048,7048,7048,7048,7048,7048,7048,7048,7048,7048,7048,7048,7048,7048,7048,7048,7048,7048,7048,7048,7048,7048,7048,7048,7048,7048,7048,7048,7048,7048,7048,7048,7048,7048,7048,7048,7048,7048,7048,7048,7048,7048,7048,7048,7048,7048,7048,7048,7048,7048,7048,7048,7048,7048,7048,7048,7048,7048,7048,7048,7048,7048,7048,7048,7048,7048,7048,7048,7048,7048,7048,7048,7048,7048,7048,7048,7048,7048,7048,7048,7048,7048,7048,7048,7048,7048,7048,7048,7048,7048,7048,7048,7048,7048,7048,7048,7048,7048,7048,7048,7048,7048,7048,7048,7048,7048,7048,7048,7048,7048,7048,7048,7048,7048,7048,7048,7048,7048,7048,7048,7048,7048,7048,7048,7048,7048,7048,7048,7048,7048,7048,7048,7048,7048,7048,7048,7048,7048,7048,7048,7048,7048,7048,7048,7048,7048,7048,7048,7048,7048,7048,7048,7048,7048,7048,7048,7048,7048,7048,7048,7048,7048,7048,7048,7048,7048,7048,7048,7048,7048,7048,7048,7048,7048,7048,7048,7048,7048,7048,7048,7048,7048,7048,7048,7048
7284,7257,7257,7185,7185,7185,7185,7185,7185,7185,7185,7185,7185,7185,7185,7185,7185,7185,7185,7185,7185,7185,7185,7185,7185,7185,7185,7185,7185,7185,7185,7185,7185,7185,7185,7185,7163,7163,7163,7163,7163,7163,7163,7163,7161,7161,7161,7161,7161,7161,7161,7161,7161,7161,7125,7125,7125,7125,7125,7125,7125,7125,7125,7122,7122,7122,7122,7122,7122,7122,7122,7122,7122,7122,7122,7122,7119,7119,7119,7119,7119,7119,7119,7119,7119,7119,7119,7119,7119,7119,7119,7119,7119,7119,7109,7109,7109,7109,7109,7109,7109,7109,7109,7109,7109,7109,7109,7109,7109,7109,7109,7109,7109,7109,7109,7109,7109,7109,7109,7109,7109,7109,7109,7109,7109,7109,7109,7109,7109,7109,7109,7109,7109,7109,7109,7109,7109,7109,7109,7109,7109,7109,7109,7109,7109,7109,7109,7109,7109,7109,7109,7109,7108,7108,7108,7108,7108,7108,7108,7108,7108,7108,7108,7108,7108,7108,7108,7108,7108,7108,7108,7108,7108,7108,7108,7108,7108,7108,7108,7108,7108,7108,7108,7108,7108,7108,7108,7108,7108,7108,7108,7108,7108,7108,7108,7108,7108,7108,7108,7108,7108,7108,7108,7108,7108,7108,7108,7108,7108,7108,7108,7108,7108,7108,7108,7108,7108,7108,7108,7108,7108,7108,7108,7108,7108,7108,7108,7108,7108,7108,7108,7108,7108,7108,7108,7108,7108,7108,7108,7108,7108,7108,7108,7108,7108,7108,7108,7108,7108,7108,7108,7108,7108,7108,7108,7108,7108,7108,7108,7108,7108,7108,7108,7108,7108,7108,7108,7108,7108,7108,7108,7108,7108,7108,7108,7108,7108,7108,7108,7108,7108,7108,7108,7108,7108,7108,7108,7108,7108,7108,7108,7108,7108,7108,7108,7108,7108,7108,7108,7108,7108,7108,7108,7108,7108,7108,7108,7108,7108,7108,7096,7096,7096,7096,7096,7096,7096,7096,7096,7096,7096,7096,7096,7096,7096,7096,7096,7096,7096,7096,7096,7096,7096,7096,7096,7096,7096,7096,7096,7096,7096,7096,7096,7096,7096,7096,7096,7096,7096,7096,7096,7096,7096,7096,7096,7096,7096,7096,7096,7096,7096,7096,7096,7096,7096,7096,7096,7096,7096,7096,7093,7093,7093,7093,7093,7093,7093,7093,7093,7093,7093,7093,7093,7093,7093,7093,7093,7093,7093,7093,7093,7093,7093,7093,7093,7093,7093,7093,7093,7093,7093,7093,7093,7093,7093,7093,7093,7093,7093,7093,7093,7093,7093,7093,7093,7093,7093,7093,7093,7093,7093,7093,7093,7093,7093,7093,7093,7093,7093,7093,7093,7093,7093,7093,7093,7093,7093,7093,7093,7093,7093,7093,7093,7093,7093,7093,7093,7093,7093,7093,7093,7093,7093,7093,7093,7093,7093,7093,7093,7093,7093,7093,7093,7093,7093,7093,7093,7093,7093,7093,7093,7093,7093,7093,7093,7093,7093,7093,7093,7093,7093,7093,7093,7093,7093,7093,7093,7093,7093,7093,7093,7093,7093,7093,7093,7093,7093,7093,7093,7093
7343,7237,7201,7182,7182,7182,7182,7182,7174,7174,7174,7174,7136,7136,7136,7136,7136,7136,7136,7136,7136,7136,7136,7136,7133,7133,7133,7133,7133,7133,7133,7133,7133,7133,7133,7133,7133,7133,7133,7133,7133,7133,7133,7133,7133,7133,7133,7133,7133,7058,7058,7058,7058,7058,7058,7058,7058,7058,7058,7058,7058,7058,7058,7058,7058,7058,7058,7058,7058,7058,7058,7058,7058,7058,7058,7058,7058,7058,7058,7058,7058,7058,7058,7058,7058,7058,7058,7058,7058,7058,7058,7058,7058,7058,7058,7058,7058,7058,7058,7058,7058,7058,7058,7058,7058,7058,7058,7058,7058,7058,7058,7058,7058,7058,7058,7058,7058,7058,7058,7058,7058,7058,7058,7058,7058,7058,7058,7058,7058,7058,7058,7058,7058,7058,7058,7058,7058,7058,7058,7058,7058,7058,7058,7058,7058,7058,7058,7058,7058,7058,7058,7058,7058,7058,7058,7058,7058,7058,7058,7058,7058,7058,7058,7058,7058,7058,7058,7058,7058,7058,7058,7053,7053,7053,7053,7053,7053,7053,7053,7053,7053,7053,7053,7053,7053,7053,7053,7053,7053,7053,7053,7053,7053,7053,7053,7053,7053,7053,7053,7053,7053,7053,7053,7053,7053,7053,7053,7053,7053,7053,7053,7053,7053,7053,7053,7053,7053,7053,7053,7053,7053,7053,7053,7053,7053,7053,7053,7053,7053,7053,7053,7053,7053,7053,7053,7053,7053,7053,7053,7053,7053,7053,7053,7053,7053,7053,7053,7053,7053,7053,7053,7053,7053,7053,7053,7053,7053,7053,7053,7053,7053,7053,7053,7053,7053,7053,7053,7053,7053,7053,7053,7053,7053,7053,7053,7053,7053,7053,7053,7053,7053,7053,7053,7053,7053,7053,7053,7053,7053,7053,7053,7053,7053,7053,7053,7053,7053,7053,7053,7053,7053,7053,7053,7053,7053,7053,7053,7053,7053,7053,7053,7053,7053,7053,7053,7053,7053,7053,7053,7053,7053,7053,7053,7053,7053,7053,7053,7053,7053,7053,7053,7053,7053,7053,7053,7053,7053,7053,7053,7053,7053,7053,7053,7053,7053,7053,7053,7053,7053,7053,7053,7053,7053,7053,7053,7053,7053,7053,7053,7053,7053,7053,7053,7053,7053,7053,7053,7053,7053,7053,7053,7053,7053,7053,7053,7053,7053,7053,7053,7053,7053,7053,7053,7053,7053,7053,7053,7053,7053,7053,7053,7053,7053,7053,7053,7053,7053,7053,7053,7053,7053,7053,7053,7053,7053,7053,7053,7053,7053,7053,7053,7053,7053,7053,7053,7053,7053,7053,7053,7053,7053,7053,7053,7053,7053,7053,7053,7053,7053,7053,7053,7053,7053,7053,7053,7053,7053,7053,7053,7053,7053,7053,7053,7053,7053,7053,7053,7053,7053,7053,7053,7053,7053,7053,7053,7053,7053,7053,7053,7053,7053,7053,7053,7053,7053,7053,7053,7053,7053,7053,7053,7053,7053,7053,7053,7053,7053,7053,7053,7053,7053,7053,7053,7053,7053,7053,7053,7053,7053,7053,7053,7053,7053,7053,7053,7053,7053,7053,7053,7053
7354,7283,7283,7245,7245,7245,7245,7235,7235,7227,7227,7227,7227,7227,7227,7227,7227,7227,7227,7227,7227,7227,7227,7227,7227,7227,7227,7227,7227,7227,7227,7180,7180,7180,7180,7180,7180,7180,7180,7180,7180,7158,7158,7158,7158,7158,7158,7158,7158,7143,7143,7143,7143,7143,7143,7143,7129,7129,7129,7129,7129,7129,7129,7129,7129,7129,7129,7129,7129,7129,7129,7129,7129,7129,7129,7129,7129,7129,7129,7129,7129,7129,7129,7129,7129,7129,7129,7129,7129,7129,7129,7129,7129,7129,7129,7129,7129,7129,7129,7129,7129,7129,7129,7129,7129,7129,7129,7129,7129,7129,7119,7119,7119,7119,7119,7119,7119,7119,7119,7119,7119,7119,7119,7119,7119,7119,7119,7119,7119,7119,7119,7119,7113,7113,7113,7113,7113,7113,7113,7113,7113,7113,7113,7113,7113,7113,7113,7113,7113,7113,7113,7113,7113,7113,7113,7113,7113,7113,7113,7113,7113,7113,7113,7113,7113,7113,7113,7113,7113,7113,7113,7113,7113,7113,7113,7113,7113,7113,7113,7113,7113,7113,7113,7113,7113,7113,7113,7113,7113,7113,7113,7113,7113,7113,7113,7113,7113,7113,7113,7113,7113,7113,7113,7113,7113,7113,7113,7113,7113,7113,7113,7113,7113,7113,7113,7113,7092,7092,7092,7092,7092,7092,7092,7092,7092,7092,7092,7092,7092,7092,7092,7092,7092,7092,7092,7092,7092,7092,7092,7092,7092,7092,7092,7092,7092,7092,7092,7092,7092,7092,7092,7092,7092,7092,7092,7092,7092,7092,7092,7092,7092,7092,7092,7092,7092,7092,7092,7092,7092,7092,7092,7092,7092,7092,7092,7092,7092,7092,7092,7092,7092,7092,7092,7092,7092,7092,7092,7092,7092,7092,7092,7092,7092,7092,7092,7092,7092,7092,7092,7092,7092,7092,7092,7092,7092,7092,7092,7092,7092,7092,7092,7092,7092,7092,7092,7092,7092,7092,7092,7092,7092,7092,7092,7092,7092,7092,7092,7092,7092,7092,7092,7092,7092,7092,7092,7092,7092,7092,7092,7092,7092,7092,7092,7092,7092,7092,7092,7092,7092,7092,7092,7092,7092,7092,7092,7092,7092,7092,7092,7092,7092,7092,7092,7092,7092,7092,7092,7092,7092,7092,7092,7092,7092,7092,7092,7092,7092,7092,7092,7092,7092,7092,7092,7092,7092,7092,7092,7092,7092,7092,7092,7092,7092,7092,7092,7092,7092,7092,7092,7092,7092,7092,7092,7092,7092,7092,7092,7092,7092,7092,7092,7092,7092,7092,7092,7092,7092,7092,7092,7082,7082,7082,7082,7082,7082,7082,7082,7082,7082,7082,7082,7082,7082,7082,7082,7082,7082,7082,7082,7082,7082,7082,7082,7082,7082,7082,7082,7082,7082,7082,7082,7082,7082,7082,7082,7082,7082,7082,7082,7082,7082,7082,7082,7082,7082,7082,7082,7082,7082,7082,7082,7082,7082,7082,7082,7082,7082,7082,7082,7082,7082,7082,7082,7082,7082,7082,7082,7082,7082,7082,7082,7082,7082,7082,7082,7082,7082,7082,7082,7082
7247,7242,7240,7232,7232,7232,7232,7232,7230,7224,7224,7197,7197,7197,7196,7196,7161,7161,7161,7161,7158,7158,7158,7158,7158,7158,7158,7158,7158,7127,7127,7127,7127,7127,7127,7127,7127,7127,7127,7127,7127,7127,7127,7127,7127,7127,7127,7127,7127,7127,7127,7127,7127,7127,7127,7127,7127,7127,7127,7127,7127,7127,7127,7127,7127,7127,7127,7127,7127,7127,7127,7127,7127,7127,7127,7127,7127,7127,7127,7127,7127,7127,7093,7093,7093,7093,7093,7093,7093,7093,7093,7093,7093,7093,7093,7093,7093,7093,7093,7093,7093,7093,7093,7093,7093,7093,7093,7093,7093,7093,7093,7093,7093,7093,7093,7093,7093,7093,7093,7093,7093,7093,7093,7093,7093,7093,7093,7093,7093,7093,7093,7093,7093,7093,7093,7093,7093,7093,7093,7093,7093,7093,7093,7093,7093,7093,7093,7093,7093,7093,7093,7071,7071,7071,7071,7071,7071,7071,7071,7071,7071,7071,7071,7071,7071,7071,7071,7071,7071,7071,7071,7071,7071,7071,7071,7071,7071,7071,7071,7071,7071,7071,7071,7071,7071,7071,7071,7071,7071,7071,7071,7071,7071,7071,7071,7071,7071,7071,7071,7071,7071,7071,7071,7071,7071,7071,7071,7071,7071,7071,7071,7071,7071,7071,7071,7071,7071,7071,7071,7071,7071,7071,7071,7071,7071,7071,7071,7071,7071,7071,7071,7071,7071,7071,7071,7071,7071,7071,7071,7071,7071,7071,7071,7071,7071,7071,7071,7071,7071,7071,7071,7071,7071,7071,7071,7071,7071,7071,7071,7071,7071,7071,7071,7071,7071,7071,7071,7071,7071,7071,7071,7071,7071,7071,7071,7071,7071,7071,7071,7071,7071,7071,7071,7071,7071,7071,7071,7071,7071,7071,7071,7071,7071,7071,7071,7071,7071,7071,7071,7071,7071,7071,7071,7071,7071,7071,7071,7071,7071,7071,7071,7071,7071,7071,7071,7071,7071,7071,7071,7071,7071,7071,7071,7071,7071,7071,7071,7071,7071,7071,7071,7071,7071,7071,7071,7071,7071,7071,7071,7071,7071,7071,7071,7071,7071,7071,7071,7071,7071,7071,7071,7071,7071,7071,7071,7071,7071,7071,7071,7071,7071,7071,7071,7071,7071,7071,7071,7071,7071,7071,7071,7071,7071,7071,7071,7071,7071,7071,7071,7071,7071,7071,7071,7071,7071,7071,7071,7071,7071,7071,7071,7071,7071,7071,7071,7071,7071,7071,7071,7071,7071,7071,7071,7071,7071,7071,7071,7071,7071,7071,7071,7071,7071,7071,7071,7071,7071,7071,7071,7071,7071,7071,7071,7071,7071,7071,7071,7071,7071,7071,7071,7071,7071,7071,7071,7071,7071,7071,7071,7071,7071,7071,7071,7071,7071,7071,7071,7071,7071,7071,7071,7071,7071,7071,7071,7071,7071,7071,7071,7071,7071,7071,7071,7071,7071,7071,7071,7071,7071,7071,7071,7071,7071,7071,7071,7071,7071,7071,7071,7071,7071,7071,7071,7071,7071,7071,7071,7071,7071,7071,7071,7071,7071,7071,7071,7071,7071,7071,7071,7071
7329,7281,7235,7235,7235,7225,7190,7190,7190,7190,7185,7185,7185,7159,7159,7159,7159,7159,7159,7159,7159,7159,7159,7155,7155,7155,7155,7135,7135,7112,7112,7112,7112,7112,7112,7112,7112,7112,7112,7112,7112,7112,7112,7112,7112,7112,7100,7100,7100,7100,7100,7100,7100,7059,7059,7059,7059,7059,7059,7059,7059,7059,7059,7059,7059,7059,7059,7059,7059,7059,7059,7059,7059,7045,7045,7045,7045,7045,7045,7045,7045,7045,7045,7045,7045,7045,7045,7045,7045,7045,7045,7045,7045,7045,7045,7045,7045,7045,7045,7045,7045,7045,7045,7045,7045,7045,7045,7045,7045,7045,7045,7045,7045,7045,7045,7045,7045,7045,7045,7045,7045,7045,7045,7045,7045,7045,7045,7045,7045,7045,7045,7045,7045,7045,7045,7045,7045,7045,7045,7045,7045,7045,7045,7045,7045,7045,7045,7045,7045,7045,7045,7045,7045,7043,7043,7043,7043,7043,7043,7043,7043,7043,7043,7043,7043,7043,7043,7043,7043,7043,7043,7043,7043,7043,7043,7043,7043,7043,7043,7043,7043,7043,7043,7043,7043,7043,7043,7043,7043,7043,7043,7043,7043,7043,7043,7043,7043,7043,7043,7043,7043,7043,7043,7043,7043,7043,7043,7043,7043,7043,7043,7043,7043,7043,7043,7043,7043,7043,7043,7043,7043,7043,7043,7043,7043,7043,7043,7043,7043,7043,7043,7043,7043,7043,7043,7043,7043,7043,7043,7043,7043,7043,7043,7043,7043,7043,7043,7043,7043,7043,7043,7043,7043,7043,7043,7043,7043,7043,7043,7043,7043,7043,7043,7043,7043,7043,7043,7043,7043,7043,7043,7043,7043,7043,7043,7043,7043,7043,7043,7043,7043,7037,7037,7037,7037,7037,7037,7037,7037,7037,7037,7037,7037,7037,7037,7037,7037,7037,7037,7037,7037,7037,7037,7037,7037,7037,7037,7037,7037,7037,7037,7037,7037,7037,7037,7037,7037,7037,7037,7037,7037,7037,7037,7037,7037,7037,7037,7037,7037,7037,7037,7037,7037,7037,7037,7037,7037,7037,7037,7037,7037,7037,7037,7037,7037,7037,7037,7037,7037,7037,7037,7037,7037,7037,7037,7037,7037,7037,7037,7037,7037,7037,7037,7037,7037,7037,7037,7037,7037,7037,7037,7037,7037,7037,7037,7037,7037,7037,7037,7037,7037,7037,7037,7037,7037,7037,7037,7037,7037,7037,7037,7037,7037,7037,7037,7037,7037,7037,7037,7037,7037,7037,7037,7037,7037,7037,7037,7037,7037,7037,7037,7037,7037,7037,7037,7037,7037,7037,7037,7037,7037,7037,7037,7037,7037,7037,7037,7037,7037,7037,7037,7037,7037,7037,7037,7037,7037,7037,7037,7037,7037,7037,7037,7037,7037,7037,7037,7037,7037,7037,7037,7037,7037,7037,7037,7037,7037,7037,7037,7037,7037,7037,7037,7037,7037,7037,7037,7037,7037,7037,7037,7037,7037,7037,7037,7037,7037,7037,7037,7037,7037,7037,7037,7037,7037,7037,7037,7037,7037,7037,7037,7037,7037,7037,7037,7037,7037,7037,7037,7037
7281,7240,7215,7215,7215,7215,7196,7167,7167,7167,7167,7167,7167,7167,7167,7167,7167,7167,7167,7167,7167,7167,7167,7167,7150,7150,7150,7150,7150,7150,7150,7150,7150,7150,7150,7150,7150,7150,7150,7150,7150,7150,7150,7150,7150,7150,7150,7138,7138,7138,7138,7138,7138,7138,7138,7138,7138,7138,7138,7138,7138,7138,7138,7129,7124,7104,7104,7104,7104,7104,7104,7104,7104,7104,7104,7104,7104,7104,7104,7104,7104,7104,7104,7104,7104,7104,7104,7104,7104,7104,7104,7104,7104,7104,7104,7104,7104,7104,7104,7104,7104,7104,7104,7104,7104,7104,7104,7104,7104,7104,7104,7104,7104,7104,7104,7104,7104,7104,7104,7104,7104,7104,7104,7104,7104,7104,7104,7104,7104,7104,7104,7104,7104,7104,7104,7104,7104,7104,7104,7104,7104,7104,7104,7104,7104,7104,7104,7104,7104,7104,7104,7104,7104,7104,7104,7104,7104,7104,7104,7104,7104,7104,7104,7104,7104,7104,7104,7104,7104,7104,7104,7104,7104,7104,7104,7104,7104,7104,7104,7104,7104,7104,7104,7104,7104,7104,7104,7104,7104,7104,7104,7104,7104,7104,7104,7104,7104,7104,7104,7104,7104,7104,7104,7104,7104,7104,7104,7104,7104,7104,7104,7104,7104,7104,7104,7104,7104,7104,7104,7104,7104,7104,7104,7104,7104,7104,7104,7104,7104,7104,7104,7104,7104,7104,7104,7104,7104,7104,7104,7104,7104,7104,7104,7089,7089,7089,7089,7089,7089,7089,7089,7089,7089,7089,7089,7089,7089,7089,7089,7089,7089,7089,7089,7089,7089,7089,7089,7089,7089,7089,7089,7089,7089,7089,7089,7067,7067,7067,7067,7067,7067,7067,7067,7067,7067,7067,7067,7067,7067,7067,7067,7067,7067,7067,7067,7067,7067,7067,7067,7067,7067,7067,7067,7067,7067,7067,7067,7067,7067,7067,7067,7067,7067,7067,7067,7067,7067,7067,7067,7067,7067,7067,7067,7067,7067,7067,7067,7067,7067,7067,7067,7067,7067,7067,7067,7067,7067,7067,7067,7067,7067,7067,7067,7067,7067,7067,7067,7067,7067,7067,7067,7067,7067,7067,7067,7067,7067,7067,7067,7067,7067,7067,7067,7067,7067,7067,7067,7067,7067,7067,7067,7067,7067,7067,7067,7067,7067,7067,7067,7067,7067,7067,7067,7067,7067,7067,7067,7067,7067,7067,7067,7067,7067,7067,7067,7067,7067,7067,7067,7067,7067,7067,7067,7067,7067,7067,7067,7067,7067,7067,7067,7067,7067,7067,7067,7067,7067,7067,7067,7067,7067,7067,7067,7067,7067,7067,7067,7067,7067,7067,7067,7067,7067,7067,7067,7067,7067,7067,7067,7067,7067,7067,7067,7067,7067,7067,7067,7067,7067,7067,7067,7067,7067,7067,7067,7067,7067,7067,7067,7067,7067,7067,7067,7067,7067,7067,7067,7067,7067,7067,7067,7067,7067,7067,7067,7067,7067,7067,7067,7067,7067,7067,7067,7067,7067,7067,7067,7067,7067,7067,7067,7067,7067,7067,7067,7067,7067,7067,7067,7067
7330,7279,7279,7229,7229,7222,7222,7222,7222,7222,7222,7203,7203,7203,7184,7167,7167,7158,7158,7158,7158,7158,7158,7158,7158,7158,7158,7158,7158,7158,7158,7158,7158,7158,7158,7158,7158,7158,7158,7158,7158,7158,7158,7096,7096,7096,7096,7096,7096,7096,7096,7096,7096,7096,7096,7096,7096,7096,7096,7096,7096,7096,7096,7096,7096,7096,7096,7096,7096,7096,7096,7096,7096,7096,7096,7096,7096,7096,7096,7096,7096,7096,7096,7096,7096,7096,7096,7096,7096,7096,7096,7096,7096,7096,7096,7096,7096,7096,7096,7096,7096,7096,7096,7096,7096,7096,7096,7096,7096,7096,7096,7096,7096,7096,7096,7096,7096,7096,7096,7096,7096,7096,7096,7096,7096,7096,7096,7096,7096,7096,7096,7096,7096,7096,7096,7096,7096,7096,7096,7096,7096,7096,7096,7096,7096,7096,7096,7096,7096,7096,7096,7096,7096,7096,7096,7096,7096,7096,7096,7096,7096,7096,7096,7096,7096,7096,7096,7096,7096,7096,7096,7096,7096,7096,7096,7096,7096,7096,7096,7096,7096,7096,7096,7096,7096,7096,7096,7096,7096,7096,7096,7096,7096,7096,7096,7096,7096,7096,7096,7096,7096,7096,7096,7096,7096,7096,7096,7096,7096,7096,7096,7096,7096,7096,7096,7096,7096,7096,7096,7096,7096,7096,7096,7096,7096,7096,7096,7096,7096,7096,7096,7096,7096,7096,7096,7096,7096,7096,7096,7096,7096,7096,7096,7096,7096,7096,7096,7096,7096,7096,7096,7096,7096,7096,7096,7096,7096,7096,7096,7096,7096,7096,7096,7096,7096,7096,7096,7096,7096,7096,7096,7096,7096,7096,7096,7096,7096,7096,7096,7096,7096,7096,7096,7096,7096,7096,7096,7068,7068,7068,7068,7068,7068,7068,7068,7068,7068,7068,7068,7068,7068,7068,7068,7068,7068,7068,7068,7068,7068,7068,7068,7068,7068,7068,7068,7068,7068,7068,7068,7068,7068,7068,7068,7068,7068,7068,7068,7068,7068,7068,7068,7068,7068,7068,7068,7068,7068,7068,7068,7068,7068,7068,7068,7068,7068,7068,7068,7068,7068,7068,7068,7068,7068,7068,7068,7068,7068,7068,7068,7068,7068,7068,7068,7068,7068,7068,7068,7068,7068,7068,7068,7068,7068,7068,7068,7068,7068,7068,7068,7068,7068,7068,7068,7068,7068,7068,7068,7068,7068,7068,7068,7068,7068,7068,7068,7068,7068,7068,7068,7068,7068,7068,7068,7068,7068,7068,7068,7068,7068,7068,7068,7068,7068,7068,7068,7068,7068,7068,7068,7068,7068,7068,7068,7068,7068,7068,7068,7068,7068,7068,7068,7068,7068,7068,7068,7068,7068,7068,7068,7068,7068,7068,7068,7068,7068,7068,7068,7068,7068,7068,7068,7068,7068,7068,7068,7068,7068,7068,7068,7068,7068,7068,7068,7068,7068,7068,7068,7068,7068,7068,7068,7068,7068,7068,7068,7068,7068,7068,7068,7068,7068,7068,7068,7068,7068,7068,7068,7068,7068,7068,7068,7068,7068,7068,7068,7068,7068,7068,7068,7068
7316,7251,7193,7193,7193,7193,7173,7173,7173,7173,7173,7173,7173,7173,7173,7173,7173,7173,7173,7173,7173,7173,7173,7173,7173,7173,7173,7173,7173,7173,7173,7173,7173,7173,7173,7173,7173,7173,7173,7173,7173,7173,7173,7173,7158,7158,7158,7158,7158,7158,7158,7158,7158,7158,7158,7158,7158,7158,7149,7149,7149,7149,7149,7149,7149,7149,7149,7149,7149,7149,7149,7149,7149,7128,7128,7128,7128,7128,7128,7128,7128,7128,7128,7128,7128,7128,7128,7128,7128,7128,7128,7128,7128,7128,7128,7128,7128,7128,7128,7128,7128,7128,7122,7122,7122,7122,7122,7122,7122,7122,7122,7122,7122,7122,7122,7122,7122,7122,7122,7122,7122,7122,7122,7122,7122,7122,7122,7122,7122,7122,7119,7119,7119,7119,7119,7119,7119,7119,7111,7111,7111,7111,7111,7111,7111,7111,7111,7111,7111,7111,7111,7111,7111,7111,7111,7111,7111,7111,7111,7111,7111,7111,7111,7111,7111,7111,7111,7111,7111,7111,7111,7111,7111,7111,7111,7111,7111,7111,7111,7111,7111,7111,7111,7111,7111,7111,7111,7111,7111,7111,7111,7111,7111,7111,7111,7111,7111,7111,7111,7111,7111,7111,7111,7111,7111,7111,7111,7111,7111,7111,7111,7111,7111,7111,7111,7111,7111,7111,7111,7111,7108,7108,7108,7108,7108,7108,7108,7108,7108,7108,7108,7108,7108,7108,7108,7108,7108,7108,7108,7108,7108,7108,7108,7108,7108,7108,7108,7108,7108,7108,7108,7108,7108,7108,7108,7108,7108,7108,7108,7108,7108,7108,7108,7108,7108,7108,7108,7108,7108,7108,7108,7108,7108,7108,7108,7108,7108,7108,7108,7108,7108,7108,7108,7108,7108,7108,7108,7108,7108,7108,7108,7108,7108,7108,7108,7108,7108,7108,7108,7108,7108,7108,7108,7108,7108,7108,7108,7108,7108,7108,7108,7108,7108,7108,7108,7108,7108,7108,7108,7108,7108,7108,7108,7108,7108,7108,7108,7108,7108,7108,7108,7108,7108,7108,7108,7108,7108,7108,7108,7108,7108,7108,7108,7108,7108,7108,7108,7108,7108,7108,7108,7108,7108,7108,7108,7108,7108,7108,7108,7108,7108,7108,7108,7108,7108,7108,7108,7108,7108,7108,7108,7108,7108,7108,7108,7108,7108,7108,7108,7108,7108,7108,7108,7108,7108,7108,7108,7108,7108,7108,7108,7108,7108,7108,7108,7108,7108,7108,7108,7108,7108,7108,7108,7108,7108,7108,7108,7108,7108,7108,7108,7108,7108,7108,7108,7108,7108,7108,7108,7108,7108,7108,7108,7108,7108,7108,7108,7108,7108,7108,7108,7108,7108,7108,7108,7108,7108,7108,7108,7108,7108,7108,7108,7108,7108,7108,7108,7108,7108,7108,7108,7108,7108,7108,7108,7108,7108,7108,7108,7108,7108,7108,7108,7108,7108,7108,7108,7108,7108,7108,7108,7108,7108,7108,7108,7108,7108,7108,7108,7108,7108,7108,7108,7108,7108,7108,7108,7108,7108,7108,7108,7108,7108,7108,7108,7108,7108,7108,7108,7108
7324,7283,7228,7205,7205,7205,7196,7170,7170,7170,7170,7170,7170,7170,7170,7170,7170,7170,7170,7170,7170,7170,7170,7170,7170,7170,7170,7170,7170,7170,7170,7170,7170,7170,7170,7170,7170,7170,7170,7167,7167,7167,7167,7167,7167,7167,7167,7167,7167,7167,7160,7160,7160,7160,7160,7160,7160,7160,7160,7160,7160,7160,7160,7141,7141,7141,7141,7141,7141,7141,7141,7141,7141,7141,7141,7141,7141,7141,7141,7141,7141,7141,7141,7141,7141,7141,7141,7141,7141,7141,7141,7141,7141,7141,7141,7141,7141,7141,7141,7141,7141,7141,7141,7141,7141,7141,7141,7141,7141,7141,7141,7141,7141,7141,7141,7141,7141,7141,7141,7141,7141,7141,7141,7141,7138,7138,7138,7138,7138,7138,7138,7138,7138,7138,7138,7138,7138,7138,7138,7138,7138,7138,7138,7138,7138,7138,7138,7138,7138,7138,7138,7138,7138,7138,7138,7138,7138,7138,7138,7138,7138,7138,7138,7138,7138,7138,7138,7138,7138,7138,7138,7138,7138,7138,7138,7138,7138,7138,7138,7138,7138,7138,7138,7138,7138,7138,7138,7138,7138,7138,7138,7138,7138,7138,7138,7138,7138,7138,7138,7138,7138,7138,7138,7138,7138,7138,7138,7138,7138,7138,7131,7131,7131,7131,7131,7131,7131,7131,7131,7131,7131,7131,7131,7131,7081,7081,7081,7081,7081,7081,7081,7081,7081,7081,7081,7081,7081,7081,7081,7081,7081,7081,7081,7081,7081,7081,7081,7081,7081,7081,7081,7081,7081,7081,7081,7081,7081,7081,7081,7081,7081,7081,7067,7067,7067,7067,7067,7067,7067,7067,7067,7067,7067,7067,7067,7067,7067,7067,7067,7067,7067,7067,7067,7067,7067,7067,7067,7067,7067,7067,7067,7067,7067,7067,7067,7067,7067,7067,7067,7067,7067,7067,7067,7067,7067,7067,7067,7067,7067,7067,7067,7067,7067,7067,7067,7067,7067,7067,7067,7067,7067,7067,7067,7067,7067,7067,7067,7067,7067,7067,7067,7067,7067,7067,7067,7067,7067,7067,7067,7067,7067,7067,7067,7067,7067,7067,7067,7067,7067,7067,7067,7067,7067,7067,7067,7067,7067,7067,7067,7067,7067,7067,7067,7067,7067,7067,7067,7067,7067,7067,7067,7067,7067,7067,7067,7067,7067,7067,7067,7067,7067,7067,7067,7067,7067,7067,7067,7067,7067,7067,7067,7067,7067,7067,7067,7067,7067,7067,7067,7067,7067,7067,7067,7067,7067,7067,7067,7067,7067,7067,7067,7067,7067,7067,7067,7067,7067,7067,7067,7067,7067,7067,7067,7067,7067,7067,7067,7067,7067,7067,7067,7067,7067,7067,7067,7067,7067,7067,7067,7067,7067,7067,7067,7067,7067,7067,7067,7067,7067,7067,7067,7067,7067,7067,7067,7067,7067,7067,7067,7067,7067,7067,7067,7067,7067,7067,7067,7067,7067,7067,7067,7067,7067,7067,7067,7067,7067,7067,7067,7067,7067,7067,7067,7067,7067,7067,7067,7067,7067,7067,7067,7067,7067,7067,7067,7067,7067,7067,7067,7067
7303,7246,7246,7238,7238,7189,7189,7189,7189,7147,7147,7147,7147,7147,7147,7147,7147,7147,7147,7147,7147,7147,7147,7147,7147,7147,7147,7147,7147,7147,7147,7139,7139,7139,7139,7139,7139,7139,7139,7139,7139,7139,7139,7139,7139,7139,7139,7139,7139,7139,7139,7139,7139,7139,7139,7139,7139,7139,7124,7120,7120,7120,7120,7120,7120,7120,7120,7120,7120,7120,7120,7120,7120,7120,7120,7120,7120,7120,7120,7120,7120,7120,7120,7120,7120,7120,7120,7107,7107,7107,7107,7107,7107,7107,7107,7107,7107,7107,7107,7107,7107,7107,7107,7107,7107,7107,7107,7107,7107,7107,7107,7107,7107,7107,7107,7107,7107,7107,7107,7107,7107,7107,7107,7107,7107,7107,7107,7107,7107,7107,7107,7107,7107,7107,7107,7107,7107,7107,7107,7107,7107,7107,7107,7107,7107,7107,7107,7107,7107,7107,7078,7078,7078,7078,7078,7078,7078,7078,7078,7078,7078,7078,7078,7078,7078,7078,7078,7078,7078,7078,7078,7078,7078,7078,7078,7078,7078,7078,7078,7078,7078,7078,7078,7078,7078,7078,7078,7078,7078,7078,7078,7078,7078,7078,7078,7078,7078,7078,7078,7078,7078,7078,7078,7078,7078,7078,7078,7078,7078,7078,7078,7078,7078,7078,7078,7078,7078,7078,7078,7078,7078,7078,7078,7078,7078,7078,7078,7078,7078,7078,7078,7078,7078,7078,7078,7078,7078,7078,7078,7078,7078,7078,7078,7078,7078,7078,7078,7078,7078,7078,7078,7078,7078,7078,7078,7078,7078,7078,7078,7078,7078,7078,7078,7078,7078,7078,7078,7078,7078,7078,7078,7078,7078,7078,7078,7078,7078,7078,7078,7078,7078,7078,7078,7078,7078,7078,7078,7078,7078,7078,7078,7078,7078,7078,7078,7078,7078,7078,7078,7078,7078,7078,7078,7078,7078,7078,7078,7078,7078,7078,7078,7078,7078,7078,7078,7078,7078,7078,7078,7078,7078,7078,7078,7078,7078,7078,7078,7078,7078,7078,7078,7078,7078,7078,7078,7078,7078,7078,7078,7078,7078,7078,7078,7078,7078,7078,7078,7078,7078,7078,7078,7078,7078,7078,7078,7078,7078,7078,7078,7078,7078,7078,7078,7078,7078,7078,7078,7078,7078,7078,7078,7078,7078,7078,7078,7078,7078,7078,7078,7078,7078,7078,7078,7078,7078,7078,7078,7078,7078,7078,7078,7078,7078,7078,7078,7078,7078,7078,7078,7078,7078,7078,7078,7078,7078,7078,7078,7078,7078,7078,7078,7078,7078,7078,7078,7078,7078,7078,7078,7078,7078,7078,7078,7078,7078,7078,7078,7078,7078,7078,7078,7078,7078,7078,7078,7078,7078,7078,7078,7078,7078,7078,7078,7078,7078,7078,7078,7078,7078,7078,7078,7078,7078,7078,7078,7078,7078,7078,7078,7078,7078,7078,7078,7078,7078,7078,7078,7078,7078,7078,7078,7078,7078,7078,7078,7078,7078,7078,7078,7078,7078,7078,7078,7078,7078,7078,7078,7078,7078,7078,7078,7078,7078,7078,7078,7078,7078,7078,7078,7078
7259,7259,7245,7230,7230,7230,7201,7201,7201,7201,7201,7201,7201,7201,7201,7201,7181,7181,7181,7181,7152,7152,7152,7152,7152,7152,7152,7152,7152,7152,7152,7152,7152,7152,7152,7152,7152,7152,7152,7152,7152,7152,7152,7152,7152,7152,7152,7135,7135,7135,7135,7135,7135,7135,7135,7135,7135,7135,7135,7135,7120,7120,7120,7120,7120,7120,7120,7120,7120,7120,7120,7120,7120,7120,7120,7120,7120,7120,7120,7120,7120,7120,7120,7120,7120,7120,7120,7120,7120,7120,7120,7120,7120,7120,7120,7120,7120,7120,7120,7120,7120,7120,7120,7120,7120,7120,7120,7120,7120,7120,7120,7120,7120,7120,7120,7120,7120,7115,7115,7115,7115,7115,7115,7115,7115,7115,7115,7115,7115,7076,7076,7076,7059,7059,7059,7059,7059,7059,7059,7059,7059,7059,7059,7059,7059,7059,7059,7059,7059,7059,7059,7059,7059,7059,7059,7059,7059,7059,7059,7059,7059,7059,7059,7059,7059,7059,7059,7059,7059,7059,7059,7059,7059,7059,7059,7059,7059,7059,7059,7059,7059,7059,7059,7059,7059,7059,7059,7059,7059,7059,7059,7059,7059,7059,7059,7059,7059,7059,7059,7059,7059,7059,7059,7059,7059,7059,7059,7059,7059,7059,7059,7059,7059,7059,7059,7059,7059,7059,7059,7059,7059,7059,7059,7059,7059,7059,7059,7059,7059,7059,7059,7059,7059,7059,7059,7059,7059,7059,7059,7059,7059,7059,7059,7059,7059,7059,7059,7059,7059,7059,7059,7059,7059,7059,7059,7059,7059,7059,7059,7059,7059,7059,7059,7059,7059,7059,7059,7059,7059,7056,7056,7056,7056,7056,7056,7056,7056,7056,7056,7056,7056,7056,7056,7056,7056,7056,7056,7056,7056,7056,7056,7056,7056,7056,7056,7056,7056,7056,7056,7056,7056,7056,7056,7056,7056,7056,7056,7056,7056,7056,7056,7056,7056,7056,7056,7056,7056,7056,7056,7056,7056,7056,7056,7056,7056,7056,7056,7056,7056,7056,7054,7054,7054,7054,7054,7054,7054,7054,7054,7054,7054,7054,7054,7054,7054,7054,7054,7054,7054,7054,7054,7054,7028,7028,7028,7028,7028,7028,7028,7028,7028,7028,7028,7028,7028,7028,7028,7028,7028,7028,7028,7028,7028,7028,7028,7028,7028,7028,7028,7028,7028,7028,7028,7028,7028,7028,7028,7028,7028,7028,7028,7028,7028,7028,7028,7028,7028,7028,7028,7028,7028,7028,7028,7028,7028,7028,7028,7028,7028,7028,7028,7028,7028,7028,7028,7028,7028,7028,7028,7028,7028,7028,7028,7028,7028,7028,7028,7028,7028,7028,7028,7028,7028,7028,7028,7028,7028,7028,7028,7028,7028,7028,7028,7028,7028,7028,7028,7028,7028,7028,7028,7028,7028,7028,7028,7028,7028,7028,7028,7028,7028,7028,7028,7028,7028,7028,7028,7028,7028,7028,7028,7028,7028,7028,7028,7028,7028,7028,7028,7028,7028,7028,7028,7028,7028,7028,7028,7028,7028,7028,7028,7028,7028,7028,7028,7028,7028,7028,7028,7028
7363,7277,7215,7215,7215,7215,7215,7215,7215,7215,7183,7183,7183,7179,7179,7179,7179,7179,7179,7179,7179,7179,7179,7179,7179,7179,7179,7179,7179,7179,7179,7179,7179,7179,7179,7179,7179,7179,7179,7160,7160,7160,7160,7160,7160,7160,7160,7160,7118,7118,7118,7118,7118,7118,7087,7087,7087,7087,7087,7087,7087,7087,7087,7087,7087,7087,7087,7087,7087,7087,7087,7087,7087,7087,7087,7087,7087,7087,7087,7087,7087,7087,7087,7087,7087,7087,7087,7087,7087,7087,7087,7087,7087,7087,7087,7087,7087,7087,7087,7087,7087,7087,7087,7087,7087,7087,7087,7087,7087,7087,7087,7087,7087,7087,7087,7087,7087,7087,7087,7087,7087,7087,7087,7087,7087,7087,7087,7087,7087,7087,7087,7087,7087,7087,7087,7087,7087,7087,7087,7087,7087,7087,7087,7087,7087,7087,7087,7087,7087,7087,7087,7087,7087,7087,7087,7087,7087,7087,7087,7087,7087,7087,7087,7087,7087,7087,7087,7087,7087,7087,7087,7087,7087,7087,7087,7087,7087,7087,7087,7087,7087,7087,7087,7087,7087,7087,7087,7087,7087,7087,7087,7087,7087,7087,7087,7087,7087,7087,7087,7087,7087,7087,7087,7087,7087,7087,7087,7087,7087,7087,7087,7087,7087,7087,7087,7087,7087,7087,7087,7087,7087,7087,7087,7087,7087,7087,7087,7087,7087,7087,7087,7087,7087,7087,7087,7087,7087,7087,7087,7087,7087,7087,7087,7087,7087,7087,7087,7087,7087,7087,7087,7087,7087,7087,7087,7087,7087,7087,7087,7087,7087,7087,7087,7087,7087,7087,7087,7087,7087,7087,7087,7087,7087,7087,7087,7087,7087,7087,7087,7087,7087,7087,7087,7087,7087,7087,7087,7087,7087,7087,7087,7087,7087,7087,7087,7087,7087,7087,7087,7087,7087,7087,7087,7087,7087,7087,7087,7087,7087,7087,7087,7087,7087,7087,7087,7087,7087,7087,7087,7087,7087,7087,7087,7087,7087,7087,7087,7087,7087,7087,7087,7087,7073,7073,7073,7073,7073,7073,7073,7073,7073,7073,7073,7073,7073,7073,7073,7073,7073,7073,7073,7073,7073,7073,7073,7073,7073,7073,7073,7073,7073,7073,7073,7073,7073,7073,7073,7073,7073,7073,7073,7073,7073,7073,7073,7073,7073,7073,7073,7073,7073,7073,7073,7073,7073,7073,7073,7073,7073,7073,7073,7073,7073,7073,7073,7073,7073,7073,7073,7073,7073,7073,7073,7073,7073,7073,7073,7073,7073,7073,7073,7073,7073,7073,7073,7073,7073,7073,7073,7073,7073,7073,7073,7073,7073,7073,7073,7073,7073,7073,7073,7073,7073,7073,7073,7073,7073,7073,7073,7073,7073,7073,7073,7073,7073,7073,7073,7073,7073,7073,7073,7073,7073,7073,7073,7073,7073,7073,7073,7073,7073,7073,7073,7073,7073,7073,7073,7073,7073,7069,7069,7069,7069,7069,7069,7069,7069,7069,7069,7069,7069,7069,7069,7069,7069,7069,7069,7069,7069,7069,7044,7044,7044,7044,7044,7044,7044,7044,7044,7044
7304,7248,7176,7163,7163,7163,7163,7163,7163,7163,7163,7163,7163,7163,7163,7163,7163,7163,7163,7163,7163,7163,7163,7163,7163,7163,7163,7163,7163,7163,7163,7151,7151,7151,7151,7151,7151,7151,7151,7151,7151,7151,7151,7151,7151,7151,7151,7151,7151,7151,7151,7151,7151,7151,7151,7151,7151,7151,7151,7151,7151,7151,7151,7151,7151,7151,7151,7151,7151,7151,7151,7151,7151,7151,7151,7151,7151,7151,7151,7151,7151,7151,7151,7151,7151,7151,7151,7151,7151,7151,7151,7151,7151,7151,7151,7151,7151,7151,7151,7151,7151,7151,7151,7151,7151,7151,7151,7151,7151,7151,7151,7151,7151,7151,7151,7151,7135,7135,7135,7135,7135,7135,7135,7135,7135,7135,7135,7135,7135,7135,7135,7135,7135,7135,7135,7135,7135,7135,7135,7135,7135,7135,7135,7135,7135,7135,7121,7121,7121,7121,7121,7121,7121,7121,7121,7121,7121,7121,7121,7121,7121,7121,7121,7121,7121,7121,7121,7121,7121,7121,7121,7121,7121,7121,7121,7121,7121,7121,7121,7121,7121,7121,7121,7121,7121,7121,7121,7121,7121,7121,7121,7121,7121,7121,7121,7121,7121,7083,7083,7083,7083,7083,7083,7083,7083,7083,7083,7083,7083,7083,7083,7083,7083,7083,7083,7083,7083,7083,7083,7083,7083,7083,7083,7083,7083,7083,7083,7083,7083,7083,7083,7083,7083,7083,7083,7083,7083,7083,7083,7083,7083,7083,7083,7083,7083,7083,7083,7083,7083,7083,7083,7083,7083,7083,7083,7083,7083,7083,7083,7083,7083,7083,7083,7083,7083,7083,7083,7083,7066,7066,7066,7066,7066,7066,7066,7066,7066,7066,7066,7066,7066,7066,7066,7066,7066,7066,7066,7066,7066,7066,7066,7066,7066,7066,7066,7066,7066,7066,7066,7066,7066,7066,7066,7066,7066,7066,7066,7066,7066,7066,7066,7066,7066,7066,7066,7066,7066,7066,7066,7066,7066,7066,7066,7066,7066,7066,7066,7066,7066,7066,7066,7066,7066,7066,7066,7066,7066,7066,7066,7066,7066,7066,7066,7066,7066,7066,7066,7066,7066,7066,7066,7066,7066,7066,7066,7066,7066,7066,7066,7066,7066,7066,7066,7066,7066,7066,7066,7066,7066,7066,7066,7066,7066,7066,7066,7066,7066,7066,7066,7066,7066,7066,7066,7066,7066,7066,7066,7066,7066,7066,7066,7066,7066,7066,7066,7066,7066,7066,7066,7066,7066,7066,7066,7066,7066,7061,7061,7061,7061,7061,7061,7061,7061,7061,7061,7061,7061,7061,7061,7061,7061,7061,7061,7061,7061,7061,7061,7061,7061,7061,7061,7061,7061,7061,7061,7061,7061,7061,7061,7061,7061,7061,7061,7061,7061,7061,7061,7061,7061,7061,7061,7061,7061,7061,7061,7061,7061,7061,7061,7061,7061,7061,7061,7061,7061,7061,7061,7061,7061,7061,7061,7061,7061,7061,7061,7061,7061,7061,7061,7061,7061,7061,7061,7061,7061,7061,7061,7061,7061,7061,7061,7061,7061,7061,7061,7061,7061,7061,7061,7061
7326,7232,7232,7232,7188,7188,7163,7163,7148,7148,7148,7148,7148,7148,7148,7148,7148,7148,7148,7148,7148,7148,7148,7148,7148,7148,7148,7142,7142,7142,7142,7142,7142,7142,7142,7142,7142,7142,7142,7142,7142,7142,7142,7142,7142,7142,7142,7142,7120,7120,7120,7120,7120,7120,7120,7120,7120,7120,7112,7112,7112,7112,7112,7112,7112,7112,7112,7112,7112,7112,7112,7112,7112,7112,7112,7112,7112,7112,7112,7112,7112,7112,7112,7112,7112,7112,7112,7112,7112,7112,7112,7112,7112,7112,7112,7112,7112,7112,7112,7112,7112,7112,7112,7112,7112,7112,7112,7112,7112,7112,7112,7112,7112,7112,7112,7112,7112,7112,7112,7112,7112,7112,7112,7112,7112,7112,7112,7112,7112,7112,7112,7112,7112,7112,7112,7112,7112,7112,7112,7112,7112,7112,7112,7112,7112,7112,7112,7112,7112,7112,7112,7112,7099,7099,7099,7099,7099,7099,7099,7099,7099,7099,7064,7064,7064,7064,7064,7064,7064,7064,7064,7064,7064,7064,7064,7064,7064,7064,7064,7064,7064,7064,7064,7064,7064,7064,7064,7064,7064,7064,7064,7064,7064,7064,7064,7064,7064,7064,7064,7064,7064,7064,7064,7064,7064,7064,7064,7064,7064,7064,7064,7064,7064,7064,7064,7064,7064,7064,7064,7064,7064,7064,7064,7064,7064,7064,7064,7064,7064,7064,7064,7064,7064,7064,7064,7064,7064,7064,7064,7064,7064,7064,7064,7064,7064,7064,7064,7064,7064,7064,7064,7064,7064,7064,7064,7064,7064,7064,7064,7064,7064,7064,7064,7064,7064,7064,7064,7064,7064,7064,7064,7064,7064,7064,7064,7064,7064,7064,7064,7064,7064,7064,7064,7064,7064,7064,7064,7064,7064,7064,7064,7064,7064,7064,7064,7064,7064,7064,7064,7064,7064,7064,7064,7064,7064,7064,7064,7064,7064,7064,7064,7064,7064,7064,7064,7064,7064,7064,7064,7064,7064,7064,7064,7064,7064,7064,7064,7064,7064,7064,7064,7064,7064,7064,7064,7064,7064,7064,7064,7064,7064,7064,7064,7064,7064,7064,7064,7064,7064,7059,7059,7059,7059,7059,7059,7059,7059,7059,7059,7059,7059,7059,7059,7059,7059,7059,7059,7059,7059,7059,7059,7059,7059,7059,7059,7059,7059,7059,7059,7059,7059,7059,7059,7059,7059,7059,7059,7059,7059,7059,7059,7059,7059,7059,7059,7059,7059,7059,7059,7059,7059,7059,7059,7059,7059,7059,7059,7059,7059,7059,7059,7059,7059,7059,7059,7059,7059,7059,7059,7059,7059,7059,7059,7059,7059,7059,7059,7059,7059,7059,7059,7059,7059,7059,7059,7059,7059,7059,7059,7059,7059,7059,7059,7059,7059,7059,7059,7059,7059,7059,7059,7059,7059,7059,7059,7059,7059,7059,7059,7059,7059,7059,7059,7059,7059,7059,7059,7059,7059,7059,7059,7059,7059,7059,7059,7059,7059,7059,7059,7059,7059,7059,7059,7059,7059,7059,7059,7059,7059,7059,7059,7059,7059,7059,7059,7059,7059,7059,7059,7059
7305,7268,7210,7210,7210,7210,7191,7191,7191,7191,7191,7191,7191,7189,7179,7179,7179,7179,7179,7179,7179,7179,7179,7179,7179,7179,7179,7154,7154,7154,7154,7154,7154,7154,7154,7154,7154,7154,7154,7154,7154,7154,7154,7154,7154,7154,7154,7154,7154,7136,7136,7136,7136,7136,7136,7136,7136,7136,7136,7136,7136,7136,7136,7136,7136,7136,7136,7136,7136,7136,7136,7136,7136,7136,7136,7136,7136,7136,7136,7136,7136,7136,7136,7136,7136,7136,7136,7136,7136,7136,7136,7136,7136,7136,7136,7136,7136,7136,7136,7136,7136,7136,7136,7136,7136,7136,7136,7136,7136,7136,7136,7136,7136,7136,7136,7136,7136,7136,7136,7136,7136,7136,7134,7134,7134,7134,7134,7134,7134,7134,7134,7134,7134,7134,7134,7134,7134,7134,7134,7134,7134,7134,7134,7134,7134,7134,7134,7134,7134,7134,7134,7134,7134,7134,7134,7134,7134,7134,7134,7134,7134,7134,7134,7134,7134,7134,7134,7134,7134,7134,7134,7134,7134,7134,7134,7134,7134,7134,7134,7134,7134,7134,7134,7134,7134,7134,7134,7134,7134,7134,7134,7134,7134,7134,7134,7134,7134,7134,7134,7134,7134,7134,7134,7134,7134,7134,7134,7134,7134,7134,7134,7134,7134,7134,7134,7134,7134,7134,7134,7134,7126,7126,7126,7126,7126,7126,7126,7093,7093,7093,7093,7093,7093,7093,7093,7093,7093,7093,7093,7093,7093,7093,7093,7093,7093,7093,7093,7093,7093,7093,7093,7093,7093,7093,7093,7093,7093,7093,7093,7093,7093,7093,7093,7093,7093,7093,7093,7093,7093,7093,7093,7093,7093,7093,7093,7093,7093,7093,7093,7093,7093,7093,7093,7093,7093,7093,7093,7093,7093,7093,7093,7093,7093,7093,7093,7093,7093,7093,7093,7093,7093,7093,7093,7093,7093,7093,7093,7093,7093,7093,7093,7093,7093,7093,7093,7093,7093,7093,7093,7093,7093,7093,7093,7093,7093,7093,7093,7093,7093,7093,7093,7093,7093,7093,7093,7093,7093,7093,7093,7093,7093,7093,7093,7093,7093,7093,7093,7093,7093,7093,7093,7093,7093,7093,7093,7093,7093,7093,7093,7093,7093,7093,7093,7093,7093,7093,7093,7093,7093,7093,7093,7093,7093,7093,7093,7093,7093,7093,7093,7093,7093,7093,7093,7093,7093,7093,7093,7093,7093,7093,7093,7093,7093,7093,7093,7093,7093,7093,7093,7093,7093,7093,7093,7093,7093,7093,7093,7093,7093,7093,7093,7093,7093,7093,7093,7093,7093,7093,7093,7093,7093,7093,7093,7093,7093,7093,7093,7093,7093,7093,7093,7093,7093,7093,7093,7093,7093,7093,7093,7093,7093,7093,7093,7093,7093,7093,7093,7093,7093,7093,7093,7093,7093,7093,7093,7093,7093,7093,7093,7093,7091,7091,7091,7091,7091,7091,7091,7091,7091,7091,7091,7091,7091,7091,7091,7091,7091,7091,7091,7091,7091,7091,7091,7091,7091,7091,7091,7091,7091,7091,7091,7091,7091,7091,7091,7091,7091,7091,7091,7091
7344,7276,7276,7224,7224,7186,7186,7186,7186,7186,7186,7168,7168,7168,7168,7168,7168,7168,7168,7168,7168,7168,7168,7168,7168,7168,7168,7168,7168,7168,7168,7168,7168,7168,7168,7168,7168,7168,7168,7153,7153,7153,7153,7153,7153,7153,7107,7107,7107,7107,7107,7107,7107,7107,7107,7107,7107,7107,7107,7107,7107,7107,7107,7107,7107,7107,7107,7107,7107,7107,7107,7107,7092,7092,7092,7092,7092,7092,7092,7092,7092,7092,7092,7092,7092,7092,7092,7092,7092,7092,7092,7092,7092,7092,7092,7092,7092,7092,7092,7092,7092,7092,7092,7092,7092,7092,7092,7092,7092,7092,7092,7092,7092,7092,7092,7092,7092,7092,7092,7092,7092,7092,7092,7092,7092,7092,7092,7092,7092,7092,7092,7092,7092,7092,7092,7092,7092,7092,7092,7092,7092,7092,7092,7092,7092,7092,7092,7092,7092,7092,7092,7092,7092,7092,7092,7092,7092,7092,7092,7092,7092,7092,7092,7092,7092,7092,7092,7092,7092,7092,7092,7092,7092,7092,7092,7092,7092,7092,7092,7092,7092,7092,7092,7092,7092,7092,7092,7092,7092,7092,7092,7092,7092,7092,7092,7092,7092,7092,7092,7092,7092,7092,7092,7092,7092,7092,7092,7092,7092,7092,7092,7092,7092,7092,7092,7092,7092,7092,7092,7092,7092,7092,7092,7092,7092,7092,7092,7092,7092,7092,7092,7067,7067,7067,7067,7067,7067,7067,7067,7067,7067,7067,7067,7067,7067,7067,7067,7067,7067,7067,7067,7067,7067,7067,7067,7067,7067,7067,7067,7067,7067,7067,7067,7067,7067,7067,7067,7067,7067,7067,7067,7067,7067,7067,7067,7067,7067,7067,7067,7067,7067,7067,7067,7067,7067,7067,7067,7067,7067,7067,7067,7067,7067,7067,7067,7067,7067,7067,7067,7067,7067,7067,7067,7067,7067,7067,7067,7067,7067,7067,7067,7067,7067,7067,7067,7067,7067,7067,7067,7067,7067,7067,7067,7067,7067,7067,7067,7067,7067,7067,7067,7067,7067,7067,7067,7067,7067,7067,7067,7067,7067,7067,7067,7067,7067,7067,7067,7067,7067,7067,7067,7067,7067,7067,7067,7067,7067,7067,7067,7067,7067,7067,7067,7067,7067,7067,7067,7067,7067,7067,7067,7067,7067,7067,7067,7067,7067,7067,7067,7067,7067,7067,7067,7067,7067,7067,7067,7067,7067,7067,7067,7067,7067,7067,7067,7067,7067,7067,7067,7067,7067,7067,7067,7067,7067,7067,7067,7067,7067,7067,7067,7067,7067,7067,7067,7067,7067,7067,7067,7067,7067,7067,7067,7067,7067,7067,7067,7067,7067,7067,7067,7067,7067,7067,7067,7067,7067,7067,7067,7067,7067,7067,7067,7067,7067,7067,7067,7067,7067,7067,7067,7067,7067,7067,7067,7067,7067,7067,7067,7067,7067,7067,7067,7067,7067,7067,7067,7067,7067,7067,7067,7067,7067,7067,7067,7067,7067,7067,7067,7067,7067,7067,7067,7067,7067,7067,7067,7067,7067,7067,7067,7067,7067,7067,7067,7067,7067,7067,7067,7067
7311,7263,7214,7214,7214,7214,7214,7214,7214,7214,7214,7214,7165,7165,7165,7165,7165,7165,7165,7165,7151,7151,7151,7151,7151,7151,7151,7151,7151,7151,7151,7151,7143,7143,7143,7143,7143,7143,7143,7143,7143,7143,7143,7143,7143,7143,7143,7143,7143,7143,7143,7143,7143,7143,7143,7143,7143,7143,7143,7143,7143,7143,7143,7143,7143,7143,7136,7136,7136,7136,7136,7136,7136,7136,7136,7136,7136,7136,7136,7136,7136,7136,7136,7136,7136,7136,7136,7136,7126,7126,7126,7126,7126,7126,7126,7126,7126,7126,7126,7126,7126,7126,7126,7126,7126,7126,7126,7126,7126,7123,7123,7123,7123,7123,7123,7123,7123,7123,7123,7123,7123,7123,7123,7123,7123,7123,7123,7123,7123,7123,7123,7123,7123,7123,7123,7123,7123,7123,7123,7123,7123,7123,7123,7123,7123,7123,7123,7123,7123,7123,7123,7123,7123,7123,7123,7123,7123,7123,7123,7123,7123,7123,7123,7109,7109,7109,7109,7109,7109,7109,7109,7109,7109,7109,7109,7109,7109,7109,7109,7109,7109,7109,7109,7109,7107,7107,7107,7107,7107,7107,7107,7107,7107,7107,7107,7107,7107,7107,7107,7107,7107,7107,7107,7107,7107,7107,7107,7107,7107,7107,7107,7107,7107,7107,7107,7107,7107,7107,7107,7107,7107,7107,7107,7107,7107,7107,7107,7107,7107,7107,7107,7107,7107,7107,7107,7107,7107,7107,7107,7107,7107,7107,7091,7091,7091,7091,7091,7091,7091,7091,7091,7091,7091,7091,7091,7091,7091,7091,7091,7091,7091,7091,7091,7091,7091,7091,7091,7091,7091,7091,7091,7091,7091,7091,7091,7091,7091,7091,7091,7091,7091,7091,7091,7091,7091,7091,7091,7091,7091,7091,7091,7091,7091,7091,7091,7091,7091,7091,7091,7091,7091,7091,7091,7091,7091,7091,7091,7091,7091,7091,7091,7091,7091,7091,7091,7091,7091,7091,7091,7091,7091,7091,7091,7091,7091,7091,7091,7091,7091,7091,7091,7091,7091,7091,7091,7091,7091,7091,7091,7091,7091,7091,7091,7091,7091,7091,7091,7091,7091,7091,7091,7091,7091,7091,7062,7062,7062,7062,7062,7062,7062,7062,7062,7062,7062,7062,7062,7062,7062,7062,7062,7062,7062,7062,7062,7062,7062,7062,7062,7062,7062,7062,7062,7062,7062,7062,7062,7056,7056,7056,7056,7056,7056,7056,7056,7056,7056,7056,7056,7056,7056,7056,7056,7056,7056,7056,7056,7056,7056,7056,7056,7056,7056,7056,7056,7056,7056,7056,7056,7056,7056,7056,7056,7056,7056,7056,7056,7056,7056,7056,7056,7056,7056,7056,7056,7056,7056,7056,7056,7056,7056,7056,7056,7056,7056,7056,7056,7056,7056,7056,7056,7056,7056,7056,7056,7056,7056,7056,7056,7056,7056,7056,7056,7056,7056,7056,7056,7056,7056,7056,7056,7056,7056,7056,7056,7056,7056,7056,7056,7056,7056,7056,7056,7056,7056,7056,7056,7056,7056,7056,7056,7056,7056,7056,7056,7056,7056,7056,7056,7056
